2024-08-26 06:38:16,BTCUSDT,ask,64500,567.003
2024-08-26 06:38:16,BTCUSDT,ask,64500,484.138
2024-08-26 06:42:06,BTCUSDT,ask,64400,871.091
2024-08-26 06:42:06,BTCUSDT,ask,64400,858.735
2024-08-26 06:42:06,BTCUSDT,ask,64400,858.71
2024-08-26 06:42:06,BTCUSDT,ask,64400,858.208
2024-08-26 06:42:06,BTCUSDT,ask,64400,855.99
2024-08-26 06:42:07,BTCUSDT,ask,64400,912.5
2024-08-26 06:42:07,BTCUSDT,ask,64400,915.467
2024-08-26 06:42:07,BTCUSDT,ask,64400,914.93
2024-08-26 06:42:07,BTCUSDT,ask,64400,915.303
2024-08-26 06:42:07,BTCUSDT,ask,64400,915.957
2024-08-26 06:42:07,BTCUSDT,ask,64400,911.191
2024-08-26 06:42:07,BTCUSDT,ask,64400,858.52
2024-08-26 06:42:07,BTCUSDT,ask,64400,858.515
2024-08-26 06:42:08,BTCUSDT,ask,64400,857.996
2024-08-26 06:42:08,BTCUSDT,ask,64400,602.597
2024-08-26 06:42:08,BTCUSDT,ask,64400,590.468
2024-08-26 06:42:08,BTCUSDT,ask,64400,1409.468
2024-08-26 06:42:08,BTCUSDT,ask,64400,1407.638
2024-08-26 06:42:08,BTCUSDT,ask,64400,1406.945
2024-08-26 06:42:08,BTCUSDT,ask,64300,855.823
2024-08-26 06:42:08,BTCUSDT,ask,64300,855.337
2024-08-26 06:42:08,BTCUSDT,ask,64300,855.324
2024-08-26 06:42:09,BTCUSDT,ask,64400,551.655
2024-08-26 06:42:09,BTCUSDT,ask,64300,859.542
2024-08-26 06:42:09,BTCUSDT,ask,64300,859.242
2024-08-26 06:42:09,BTCUSDT,ask,64300,859.24
2024-08-26 06:42:09,BTCUSDT,ask,64300,857.043
2024-08-26 06:42:09,BTCUSDT,ask,64300,856.354
2024-08-26 06:42:09,BTCUSDT,ask,64300,863.834
2024-08-26 06:42:09,BTCUSDT,ask,64400,551.756
2024-08-26 06:42:10,BTCUSDT,ask,64300,898.607
2024-08-26 06:42:10,BTCUSDT,ask,64300,898.551
2024-08-26 06:42:10,BTCUSDT,ask,64300,896.354
2024-08-26 06:42:10,BTCUSDT,ask,64300,895.627
2024-08-26 06:42:10,BTCUSDT,ask,64300,883.865
2024-08-26 06:42:10,BTCUSDT,ask,64300,858.604
2024-08-26 06:42:10,BTCUSDT,ask,64300,858.608
2024-08-26 06:42:10,BTCUSDT,ask,64300,856.411
2024-08-26 06:42:10,BTCUSDT,ask,64300,855.675
2024-08-26 06:42:10,BTCUSDT,ask,64400,551.642
2024-08-26 06:42:10,BTCUSDT,ask,64300,884.597
2024-08-26 06:42:10,BTCUSDT,ask,64300,858.897
2024-08-26 06:42:10,BTCUSDT,ask,64300,858.887
2024-08-26 06:42:10,BTCUSDT,ask,64300,856.69
2024-08-26 06:42:10,BTCUSDT,ask,64300,855.959
2024-08-26 06:42:10,BTCUSDT,ask,64300,918.516
2024-08-26 06:42:10,BTCUSDT,ask,64300,918.747
2024-08-26 06:42:10,BTCUSDT,ask,64300,918.55
2024-08-26 06:42:11,BTCUSDT,ask,64300,918.276
2024-08-26 06:42:11,BTCUSDT,ask,64300,918.273
2024-08-26 06:42:11,BTCUSDT,ask,64300,855.822
2024-08-26 06:42:11,BTCUSDT,ask,64300,855.379
2024-08-26 06:42:11,BTCUSDT,ask,64300,855.353
2024-08-26 06:42:11,BTCUSDT,ask,64300,919.08
2024-08-26 06:42:11,BTCUSDT,ask,64300,919.432
2024-08-26 06:42:11,BTCUSDT,ask,64300,919.196
2024-08-26 06:42:12,BTCUSDT,ask,64300,918.206
2024-08-26 06:42:12,BTCUSDT,ask,64300,918.101
2024-08-26 06:42:12,BTCUSDT,ask,64400,552.325
2024-08-26 06:42:12,BTCUSDT,ask,64300,918.73
2024-08-26 06:42:12,BTCUSDT,ask,64300,918.819
2024-08-26 06:42:12,BTCUSDT,ask,64300,918.844
2024-08-26 06:42:12,BTCUSDT,ask,64300,918.623
2024-08-26 06:42:12,BTCUSDT,ask,64300,920.337
2024-08-26 06:42:12,BTCUSDT,ask,64300,920.538
2024-08-26 06:42:12,BTCUSDT,ask,64300,920.536
2024-08-26 06:42:13,BTCUSDT,ask,64300,920.321
2024-08-26 06:42:13,BTCUSDT,ask,64300,919.407
2024-08-26 06:42:13,BTCUSDT,ask,64300,919.665
2024-08-26 06:42:13,BTCUSDT,ask,64300,919.675
2024-08-26 06:42:13,BTCUSDT,ask,64300,919.376
2024-08-26 06:42:14,BTCUSDT,ask,64300,919.347
2024-08-26 06:42:14,BTCUSDT,ask,64300,919.24
2024-08-26 06:42:14,BTCUSDT,ask,64300,915.277
2024-08-26 06:42:14,BTCUSDT,ask,64300,915.488
2024-08-26 06:42:14,BTCUSDT,ask,64300,915.67
2024-08-26 06:42:14,BTCUSDT,ask,64300,916.97
2024-08-26 06:42:14,BTCUSDT,ask,64400,552.373
2024-08-26 06:42:15,BTCUSDT,ask,64300,917.159
2024-08-26 06:42:15,BTCUSDT,ask,64300,916.507
2024-08-26 06:42:15,BTCUSDT,ask,64300,916.755
2024-08-26 06:42:15,BTCUSDT,ask,64300,876.832
2024-08-26 06:42:15,BTCUSDT,ask,64300,876.625
2024-08-26 06:42:15,BTCUSDT,ask,64300,876.888
2024-08-26 06:42:15,BTCUSDT,ask,64300,876.965
2024-08-26 06:42:15,BTCUSDT,ask,64300,876.969
2024-08-26 06:42:15,BTCUSDT,ask,64300,876.936
2024-08-26 06:42:16,BTCUSDT,ask,64300,877.071
2024-08-26 06:42:16,BTCUSDT,ask,64300,877.069
2024-08-26 06:42:16,BTCUSDT,ask,64300,877.067
2024-08-26 06:42:16,BTCUSDT,ask,64300,877.306
2024-08-26 06:42:16,BTCUSDT,ask,64300,879.633
2024-08-26 06:42:16,BTCUSDT,ask,64300,879.679
2024-08-26 06:42:16,BTCUSDT,ask,64300,879.369
2024-08-26 06:42:16,BTCUSDT,ask,64300,879.677
2024-08-26 06:42:16,BTCUSDT,ask,64300,879.187
2024-08-26 06:42:16,BTCUSDT,ask,64300,879.074
2024-08-26 06:42:16,BTCUSDT,ask,64300,879.069
2024-08-26 06:42:16,BTCUSDT,ask,64300,879.067
2024-08-26 06:42:16,BTCUSDT,ask,64300,878.625
2024-08-26 06:42:16,BTCUSDT,ask,64300,878.445
2024-08-26 06:42:16,BTCUSDT,ask,64300,878.147
2024-08-26 06:42:17,BTCUSDT,ask,64300,878.335
2024-08-26 06:42:17,BTCUSDT,ask,64300,876.856
2024-08-26 06:42:17,BTCUSDT,ask,64300,876.521
2024-08-26 06:42:18,BTCUSDT,ask,64300,876.499
2024-08-26 06:42:18,BTCUSDT,ask,64300,872.623
2024-08-26 06:42:18,BTCUSDT,ask,64300,860.255
2024-08-26 06:42:18,BTCUSDT,ask,64300,860.252
2024-08-26 06:42:18,BTCUSDT,ask,64400,552.378
2024-08-26 06:42:18,BTCUSDT,ask,64300,860.242
2024-08-26 06:42:18,BTCUSDT,ask,64300,860.263
2024-08-26 06:42:18,BTCUSDT,ask,64300,856.371
2024-08-26 06:42:18,BTCUSDT,ask,64300,883.406
2024-08-26 06:42:18,BTCUSDT,ask,64300,883.09
2024-08-26 06:42:18,BTCUSDT,ask,64300,883.603
2024-08-26 06:42:18,BTCUSDT,ask,64300,878.149
2024-08-26 06:42:18,BTCUSDT,ask,64300,878.297
2024-08-26 06:42:18,BTCUSDT,ask,64300,877.407
2024-08-26 06:42:18,BTCUSDT,ask,64300,878.024
2024-08-26 06:42:18,BTCUSDT,ask,64300,878.19
2024-08-26 06:42:19,BTCUSDT,ask,64300,877.218
2024-08-26 06:42:19,BTCUSDT,ask,64300,877.841
2024-08-26 06:42:19,BTCUSDT,ask,64300,878.232
2024-08-26 06:42:19,BTCUSDT,ask,64300,876.695
2024-08-26 06:42:19,BTCUSDT,ask,64300,876.355
2024-08-26 06:42:19,BTCUSDT,ask,64300,876.266
2024-08-26 06:42:19,BTCUSDT,ask,64300,876.071
2024-08-26 06:42:19,BTCUSDT,ask,64300,876.036
2024-08-26 06:42:19,BTCUSDT,ask,64300,876.5
2024-08-26 06:42:19,BTCUSDT,ask,64300,876.5
2024-08-26 06:42:19,BTCUSDT,ask,64400,552.384
2024-08-26 06:42:20,BTCUSDT,ask,64300,876.332
2024-08-26 06:42:20,BTCUSDT,ask,64300,876.631
2024-08-26 06:42:20,BTCUSDT,ask,64300,876.633
2024-08-26 06:42:20,BTCUSDT,ask,64300,876.601
2024-08-26 06:42:20,BTCUSDT,ask,64300,876.037
2024-08-26 06:42:20,BTCUSDT,ask,64300,875.924
2024-08-26 06:42:20,BTCUSDT,ask,64300,875.379
2024-08-26 06:42:20,BTCUSDT,ask,64300,875.168
2024-08-26 06:42:20,BTCUSDT,ask,64300,875.229
2024-08-26 06:42:21,BTCUSDT,ask,64300,874.955
2024-08-26 06:42:21,BTCUSDT,ask,64300,874.847
2024-08-26 06:42:21,BTCUSDT,ask,64300,848.153
2024-08-26 06:42:21,BTCUSDT,ask,64300,848.154
2024-08-26 06:42:21,BTCUSDT,ask,64300,848.453
2024-08-26 06:42:21,BTCUSDT,ask,64300,848.706
2024-08-26 06:42:21,BTCUSDT,ask,64300,845.955
2024-08-26 06:42:21,BTCUSDT,ask,64400,552.384
2024-08-26 06:42:21,BTCUSDT,ask,64300,845.963
2024-08-26 06:42:21,BTCUSDT,ask,64300,845.022
2024-08-26 06:42:22,BTCUSDT,ask,64300,845.286
2024-08-26 06:42:22,BTCUSDT,ask,64300,844.422
2024-08-26 06:42:22,BTCUSDT,ask,64300,844.425
2024-08-26 06:42:22,BTCUSDT,ask,64300,844.285
2024-08-26 06:42:22,BTCUSDT,ask,64300,844.209
2024-08-26 06:42:22,BTCUSDT,ask,64300,843.47
2024-08-26 06:42:22,BTCUSDT,ask,64300,842.363
2024-08-26 06:42:22,BTCUSDT,ask,64300,842.954
2024-08-26 06:42:22,BTCUSDT,ask,64300,843.02
2024-08-26 06:42:24,BTCUSDT,ask,64300,843.006
2024-08-26 06:42:24,BTCUSDT,ask,64300,841.816
2024-08-26 06:42:24,BTCUSDT,ask,64300,844.045
2024-08-26 06:42:24,BTCUSDT,ask,64300,844.017
2024-08-26 06:42:24,BTCUSDT,ask,64300,843.341
2024-08-26 06:42:24,BTCUSDT,ask,64300,843.04
2024-08-26 06:42:24,BTCUSDT,ask,64300,841.912
2024-08-26 06:42:24,BTCUSDT,ask,64300,840.442
2024-08-26 06:42:25,BTCUSDT,ask,64300,840.44
2024-08-26 06:42:25,BTCUSDT,ask,64300,840.438
2024-08-26 06:42:25,BTCUSDT,ask,64300,842.456
2024-08-26 06:42:25,BTCUSDT,ask,64300,842.459
2024-08-26 06:42:25,BTCUSDT,ask,64300,841.345
2024-08-26 06:42:25,BTCUSDT,ask,64300,841.977
2024-08-26 06:42:26,BTCUSDT,ask,64300,841.742
2024-08-26 06:42:26,BTCUSDT,ask,64300,841.559
2024-08-26 06:42:26,BTCUSDT,ask,64300,840.445
2024-08-26 06:42:26,BTCUSDT,ask,64300,841.548
2024-08-26 06:42:26,BTCUSDT,ask,64300,841.548
2024-08-26 06:42:26,BTCUSDT,ask,64300,841.534
2024-08-26 06:42:26,BTCUSDT,ask,64300,841.544
2024-08-26 06:42:26,BTCUSDT,ask,64300,840.434
2024-08-26 06:42:26,BTCUSDT,ask,64300,803.495
2024-08-26 06:42:26,BTCUSDT,ask,64300,802.793
2024-08-26 06:42:26,BTCUSDT,ask,64300,802.746
2024-08-26 06:42:26,BTCUSDT,ask,64300,802.744
2024-08-26 06:42:28,BTCUSDT,ask,64300,802.926
2024-08-26 06:42:28,BTCUSDT,ask,64300,815.793
2024-08-26 06:42:28,BTCUSDT,ask,64300,812.432
2024-08-26 06:42:28,BTCUSDT,ask,64300,820.294
2024-08-26 06:42:28,BTCUSDT,ask,64300,819.346
2024-08-26 06:42:28,BTCUSDT,ask,64300,816.147
2024-08-26 06:42:28,BTCUSDT,ask,64300,814.602
2024-08-26 06:42:29,BTCUSDT,ask,64300,817.975
2024-08-26 06:42:29,BTCUSDT,ask,64300,815.12
2024-08-26 06:42:29,BTCUSDT,ask,64300,817.386
2024-08-26 06:42:29,BTCUSDT,ask,64300,806.542
2024-08-26 06:42:38,BTCUSDT,ask,64300,612.107
2024-08-26 06:42:38,BTCUSDT,ask,64300,610.947
2024-08-26 06:42:38,BTCUSDT,ask,64300,610.479
2024-08-26 06:42:38,BTCUSDT,ask,64300,610.323
2024-08-26 06:42:39,BTCUSDT,ask,64300,613.63
2024-08-26 06:42:39,BTCUSDT,ask,64300,610.984
2024-08-26 06:42:39,BTCUSDT,ask,64300,610.409
2024-08-26 06:42:29,BTCUSDT,ask,64200,804.21
2024-08-26 06:42:29,BTCUSDT,ask,64200,802.843
2024-08-26 06:42:29,BTCUSDT,ask,64200,802.841
2024-08-26 06:42:29,BTCUSDT,ask,64200,802.521
2024-08-26 06:42:29,BTCUSDT,ask,64200,802.787
2024-08-26 06:42:29,BTCUSDT,ask,64200,802.536
2024-08-26 06:42:29,BTCUSDT,ask,64200,805.57
2024-08-26 06:42:29,BTCUSDT,ask,64200,805.568
2024-08-26 06:42:29,BTCUSDT,ask,64200,804.411
2024-08-26 06:42:29,BTCUSDT,ask,64200,804.759
2024-08-26 06:42:30,BTCUSDT,ask,64200,804.857
2024-08-26 06:42:31,BTCUSDT,ask,64200,803.896
2024-08-26 06:42:31,BTCUSDT,ask,64200,803.568
2024-08-26 06:42:31,BTCUSDT,ask,64200,803.122
2024-08-26 06:42:31,BTCUSDT,ask,64200,803.122
2024-08-26 06:42:31,BTCUSDT,ask,64200,803.143
2024-08-26 06:42:31,BTCUSDT,ask,64200,803.372
2024-08-26 06:42:31,BTCUSDT,ask,64200,803.365
2024-08-26 06:42:31,BTCUSDT,ask,64200,803.26
2024-08-26 06:42:31,BTCUSDT,ask,64200,801.372
2024-08-26 06:42:31,BTCUSDT,ask,64200,756.607
2024-08-26 06:42:31,BTCUSDT,ask,64200,691.909
2024-08-26 06:42:32,BTCUSDT,ask,64200,647.028
2024-08-26 06:42:32,BTCUSDT,ask,64200,641.632
2024-08-26 06:42:32,BTCUSDT,ask,64200,640.973
2024-08-26 06:42:32,BTCUSDT,ask,64200,641.157
2024-08-26 06:42:32,BTCUSDT,ask,64200,641.199
2024-08-26 06:42:32,BTCUSDT,ask,64200,641.154
2024-08-26 06:42:32,BTCUSDT,ask,64200,638.853
2024-08-26 06:42:32,BTCUSDT,ask,64200,638.602
2024-08-26 06:42:33,BTCUSDT,ask,64200,634.123
2024-08-26 06:42:33,BTCUSDT,ask,64200,634.497
2024-08-26 06:42:33,BTCUSDT,ask,64200,634.257
2024-08-26 06:42:33,BTCUSDT,ask,64200,634.216
2024-08-26 06:42:33,BTCUSDT,ask,64200,618.628
2024-08-26 06:42:34,BTCUSDT,ask,64200,618.76
2024-08-26 06:42:34,BTCUSDT,ask,64200,617.82
2024-08-26 06:42:34,BTCUSDT,ask,64200,617.44
2024-08-26 06:42:34,BTCUSDT,ask,64200,617.499
2024-08-26 06:42:34,BTCUSDT,ask,64200,617.394
2024-08-26 06:42:34,BTCUSDT,ask,64200,617.564
2024-08-26 06:42:34,BTCUSDT,ask,64200,617.564
2024-08-26 06:42:34,BTCUSDT,ask,64200,617.112
2024-08-26 06:42:34,BTCUSDT,ask,64200,617.103
2024-08-26 06:42:34,BTCUSDT,ask,64200,616.974
2024-08-26 06:42:34,BTCUSDT,ask,64200,616.758
2024-08-26 06:42:34,BTCUSDT,ask,64200,614.21
2024-08-26 06:42:34,BTCUSDT,ask,64200,614.224
2024-08-26 06:42:35,BTCUSDT,ask,64200,614.219
2024-08-26 06:42:35,BTCUSDT,ask,64200,610.904
2024-08-26 06:42:35,BTCUSDT,ask,64200,611.522
2024-08-26 06:42:36,BTCUSDT,ask,64200,610.531
2024-08-26 06:42:36,BTCUSDT,ask,64200,612.87
2024-08-26 06:42:36,BTCUSDT,ask,64200,610.1
2024-08-26 06:42:36,BTCUSDT,ask,64200,610.098
2024-08-26 06:42:36,BTCUSDT,ask,64200,609.788
2024-08-26 06:42:36,BTCUSDT,ask,64200,609.553
2024-08-26 06:42:36,BTCUSDT,ask,64200,609.541
2024-08-26 06:42:39,BTCUSDT,ask,64200,611.784
2024-08-26 06:42:39,BTCUSDT,ask,64200,611.587
2024-08-26 06:42:39,BTCUSDT,ask,64200,609.777
2024-08-26 06:42:39,BTCUSDT,ask,64200,610.088
2024-08-26 06:42:39,BTCUSDT,ask,64200,612.805
2024-08-26 06:42:39,BTCUSDT,ask,64200,612.466
2024-08-26 06:42:39,BTCUSDT,ask,64200,610.576
2024-08-26 06:42:41,BTCUSDT,ask,64200,610.357
2024-08-26 06:42:41,BTCUSDT,ask,64200,610.328
2024-08-26 06:42:41,BTCUSDT,ask,64200,611.499
2024-08-26 06:42:41,BTCUSDT,ask,64200,611.505
2024-08-26 06:42:41,BTCUSDT,ask,64200,611.431
2024-08-26 06:42:41,BTCUSDT,ask,64200,611.431
2024-08-26 06:42:41,BTCUSDT,ask,64200,610.615
2024-08-26 06:42:41,BTCUSDT,ask,64200,610.6
2024-08-26 06:42:41,BTCUSDT,ask,64200,610.48
2024-08-26 06:42:41,BTCUSDT,ask,64200,610.559
2024-08-26 06:42:41,BTCUSDT,ask,64200,610.366
2024-08-26 06:42:41,BTCUSDT,ask,64200,610.086
2024-08-26 06:42:41,BTCUSDT,ask,64200,610.322
2024-08-26 06:42:41,BTCUSDT,ask,64200,610.261
2024-08-26 06:42:41,BTCUSDT,ask,64200,609.242
2024-08-26 06:42:41,BTCUSDT,ask,64200,609.346
2024-08-26 06:42:41,BTCUSDT,ask,64200,609.139
2024-08-26 06:42:41,BTCUSDT,ask,64200,608.998
2024-08-26 06:42:41,BTCUSDT,ask,64200,605.259
2024-08-26 06:42:43,BTCUSDT,ask,64200,591.215
2024-08-26 06:42:43,BTCUSDT,ask,64200,538.703
2024-08-26 06:42:43,BTCUSDT,ask,64200,538.777
2024-08-26 06:42:43,BTCUSDT,ask,64200,538.619
2024-08-26 06:42:43,BTCUSDT,ask,64200,538.58
2024-08-26 06:42:43,BTCUSDT,ask,64200,538.291
2024-08-26 06:42:43,BTCUSDT,ask,64200,538.034
2024-08-26 06:42:43,BTCUSDT,ask,64200,538.025
2024-08-26 06:42:43,BTCUSDT,ask,64200,538.019
2024-08-26 06:42:43,BTCUSDT,ask,64200,537.61
2024-08-26 06:42:43,BTCUSDT,ask,64200,538.005
2024-08-26 06:42:43,BTCUSDT,ask,64200,537.755
2024-08-26 06:42:43,BTCUSDT,ask,64200,537.687
2024-08-26 06:42:43,BTCUSDT,ask,64200,537.635
2024-08-26 06:42:43,BTCUSDT,ask,64200,537.308
2024-08-26 06:42:43,BTCUSDT,ask,64200,537.292
2024-08-26 06:42:43,BTCUSDT,ask,64200,536.238
2024-08-26 06:42:43,BTCUSDT,ask,64200,536.229
2024-08-26 06:42:43,BTCUSDT,ask,64200,535.682
2024-08-26 06:42:45,BTCUSDT,ask,64200,535.682
2024-08-26 06:42:45,BTCUSDT,ask,64200,536.122
2024-08-26 06:42:45,BTCUSDT,ask,64200,536.806
2024-08-26 06:42:45,BTCUSDT,ask,64200,536.294
2024-08-26 06:42:45,BTCUSDT,ask,64200,535.936
2024-08-26 06:42:45,BTCUSDT,ask,64200,536.323
2024-08-26 06:42:45,BTCUSDT,ask,64200,537.08
2024-08-26 06:42:46,BTCUSDT,ask,64200,536.961
2024-08-26 06:42:46,BTCUSDT,ask,64200,536.721
2024-08-26 06:42:46,BTCUSDT,ask,64200,538.0
2024-08-26 06:42:46,BTCUSDT,ask,64200,537.736
2024-08-26 06:42:46,BTCUSDT,ask,64200,537.582
2024-08-26 06:42:46,BTCUSDT,ask,64200,537.546
2024-08-26 06:42:46,BTCUSDT,ask,64200,535.803
2024-08-26 06:42:46,BTCUSDT,ask,64200,535.735
2024-08-26 06:42:46,BTCUSDT,ask,64200,535.686
2024-08-26 06:42:47,BTCUSDT,ask,64200,535.555
2024-08-26 06:42:47,BTCUSDT,ask,64200,535.555
2024-08-26 06:42:47,BTCUSDT,ask,64200,529.38
2024-08-26 06:42:47,BTCUSDT,ask,64200,529.198
2024-08-26 06:42:47,BTCUSDT,ask,64200,529.385
2024-08-26 06:42:47,BTCUSDT,ask,64200,529.336
2024-08-26 06:42:47,BTCUSDT,ask,64200,529.953
2024-08-26 06:42:47,BTCUSDT,ask,64200,529.987
2024-08-26 06:42:47,BTCUSDT,ask,64200,529.451
2024-08-26 06:42:47,BTCUSDT,ask,64200,529.37
2024-08-26 06:42:47,BTCUSDT,ask,64200,529.367
2024-08-26 06:42:47,BTCUSDT,ask,64200,527.328
2024-08-26 06:42:47,BTCUSDT,ask,64200,527.312
2024-08-26 06:42:47,BTCUSDT,ask,64200,529.856
2024-08-26 06:42:47,BTCUSDT,ask,64200,529.289
2024-08-26 06:42:47,BTCUSDT,ask,64200,527.299
2024-08-26 06:42:48,BTCUSDT,ask,64200,526.671
2024-08-26 06:42:48,BTCUSDT,ask,64200,526.647
2024-08-26 06:42:48,BTCUSDT,ask,64200,529.245
2024-08-26 06:42:48,BTCUSDT,ask,64200,529.242
2024-08-26 06:42:49,BTCUSDT,ask,64200,526.846
2024-08-26 06:42:49,BTCUSDT,ask,64200,526.818
2024-08-26 06:42:51,BTCUSDT,ask,64200,527.065
2024-08-26 06:42:51,BTCUSDT,ask,64200,526.743
2024-08-26 06:42:51,BTCUSDT,ask,64200,526.733
2024-08-26 06:42:51,BTCUSDT,ask,64200,526.653
2024-08-26 06:42:51,BTCUSDT,ask,64200,526.647
2024-08-26 06:42:51,BTCUSDT,ask,64200,526.872
2024-08-26 06:42:51,BTCUSDT,ask,64200,526.825
2024-08-26 06:42:51,BTCUSDT,ask,64200,526.819
2024-08-26 06:42:51,BTCUSDT,ask,64200,526.661
2024-08-26 06:42:51,BTCUSDT,ask,64200,526.649
2024-08-26 06:42:52,BTCUSDT,ask,64200,527.766
2024-08-26 06:42:52,BTCUSDT,ask,64200,527.528
2024-08-26 06:42:52,BTCUSDT,ask,64200,527.174
2024-08-26 06:42:52,BTCUSDT,ask,64200,529.885
2024-08-26 06:42:52,BTCUSDT,ask,64200,526.896
2024-08-26 06:42:52,BTCUSDT,ask,64200,526.816
2024-08-26 06:42:52,BTCUSDT,ask,64200,526.714
2024-08-26 06:42:52,BTCUSDT,ask,64200,527.247
2024-08-26 06:42:52,BTCUSDT,ask,64200,526.828
2024-08-26 06:42:52,BTCUSDT,ask,64200,518.806
2024-08-26 06:42:52,BTCUSDT,ask,64200,518.806
2024-08-26 06:42:52,BTCUSDT,ask,64200,517.782
2024-08-26 06:42:52,BTCUSDT,ask,64200,517.686
2024-08-26 06:42:52,BTCUSDT,ask,64200,515.518
2024-08-26 06:42:54,BTCUSDT,ask,64200,501.232
2024-08-26 06:42:54,BTCUSDT,ask,64200,501.228
2024-08-26 06:42:54,BTCUSDT,ask,64200,501.216
2024-08-26 06:42:54,BTCUSDT,ask,64200,501.188
2024-08-26 06:42:54,BTCUSDT,ask,64200,500.548
2024-08-26 06:42:54,BTCUSDT,ask,64200,498.873
2024-08-26 06:42:54,BTCUSDT,ask,64200,498.598
2024-08-26 06:42:54,BTCUSDT,ask,64200,498.745
2024-08-25 14:18:55,BTCUSD_PERP,ask,64500,474.55
2024-08-25 14:19:03,BTCUSD_PERP,ask,64500,484.87
2024-08-25 14:37:46,BTCUSD_PERP,ask,64500,488.78
2024-08-25 14:37:48,BTCUSD_PERP,ask,64500,478.56
2024-08-25 14:37:49,BTCUSD_PERP,ask,64500,472.17
2024-08-25 14:55:58,BTCUSD_PERP,ask,64500,474.88
2024-08-25 14:56:02,BTCUSD_PERP,ask,64500,496.17
2024-08-25 14:56:03,BTCUSD_PERP,ask,64500,502.62
2024-08-25 14:56:06,BTCUSD_PERP,ask,64500,512.94
2024-08-25 14:56:58,BTCUSD_PERP,ask,64500,502.62
2024-08-25 14:57:04,BTCUSD_PERP,ask,64500,496.17
2024-08-25 14:57:06,BTCUSD_PERP,ask,64500,485.85
2024-08-25 14:57:31,BTCUSD_PERP,ask,64500,475.21
2024-08-25 15:01:41,BTCUSD_PERP,ask,64500,485.28
2024-08-25 15:01:42,BTCUSD_PERP,ask,64500,495.59
2024-08-25 15:01:47,BTCUSD_PERP,ask,64500,502.03
2024-08-25 15:04:11,BTCUSD_PERP,ask,64500,474.26
2024-08-25 16:20:24,BTCUSD_PERP,ask,64500,478.99
2024-08-25 16:20:24,BTCUSD_PERP,ask,64500,485.43
2024-08-25 16:20:26,BTCUSD_PERP,ask,64500,495.75
2024-08-25 16:21:21,BTCUSD_PERP,ask,64500,485.44
2024-08-25 16:21:26,BTCUSD_PERP,ask,64500,475.12
2024-08-25 16:24:28,BTCUSD_PERP,ask,64500,468.03
2024-08-25 16:24:39,BTCUSD_PERP,ask,64500,478.67
2024-08-25 16:24:42,BTCUSD_PERP,ask,64500,488.99
2024-08-25 16:24:43,BTCUSD_PERP,ask,64500,495.43
2024-08-25 16:24:50,BTCUSD_PERP,ask,64500,505.74
2024-08-25 16:24:53,BTCUSD_PERP,ask,64500,512.19
2024-08-25 16:24:53,BTCUSD_PERP,ask,64500,522.51
2024-08-25 16:24:58,BTCUSD_PERP,ask,64500,528.95
2024-08-25 16:24:58,BTCUSD_PERP,ask,64500,539.26
2024-08-25 16:25:08,BTCUSD_PERP,ask,64500,549.58
2024-08-25 16:25:08,BTCUSD_PERP,ask,64500,559.89
2024-08-25 16:25:12,BTCUSD_PERP,ask,64500,569.88
2024-08-25 16:25:13,BTCUSD_PERP,ask,64500,580.19
2024-08-25 16:25:16,BTCUSD_PERP,ask,64500,590.5
2024-08-25 16:25:19,BTCUSD_PERP,ask,64500,596.94
2024-08-25 16:25:24,BTCUSD_PERP,ask,64500,586.63
2024-08-25 16:25:24,BTCUSD_PERP,ask,64500,596.94
2024-08-25 16:25:25,BTCUSD_PERP,ask,64500,603.38
2024-08-25 16:25:28,BTCUSD_PERP,ask,64500,593.06
2024-08-25 16:25:29,BTCUSD_PERP,ask,64500,603.38
2024-08-25 16:25:29,BTCUSD_PERP,ask,64500,624.66
2024-08-25 16:25:43,BTCUSD_PERP,ask,64500,614.34
2024-08-25 16:25:50,BTCUSD_PERP,ask,64500,604.03
2024-08-25 16:25:53,BTCUSD_PERP,ask,64500,587.26
2024-08-25 16:25:58,BTCUSD_PERP,ask,64500,580.82
2024-08-25 16:25:59,BTCUSD_PERP,ask,64500,570.51
2024-08-25 16:26:08,BTCUSD_PERP,ask,64500,549.88
2024-08-25 16:26:12,BTCUSD_PERP,ask,64500,539.89
2024-08-25 16:26:13,BTCUSD_PERP,ask,64500,529.58
2024-08-25 16:26:16,BTCUSD_PERP,ask,64500,519.27
2024-08-25 16:26:19,BTCUSD_PERP,ask,64500,512.83
2024-08-25 16:26:20,BTCUSD_PERP,ask,64500,502.19
2024-08-25 16:26:24,BTCUSD_PERP,ask,64500,491.88
2024-08-25 16:26:25,BTCUSD_PERP,ask,64500,485.44
2024-08-25 16:26:29,BTCUSD_PERP,ask,64500,475.12
2024-08-25 16:27:06,BTCUSD_PERP,ask,64500,468.68
2024-08-25 16:30:56,BTCUSD_PERP,ask,64500,495.51
2024-08-25 16:31:01,BTCUSD_PERP,ask,64500,501.95
2024-08-25 16:31:02,BTCUSD_PERP,ask,64500,512.26
2024-08-25 16:31:06,BTCUSD_PERP,ask,64500,522.57
2024-08-25 16:31:11,BTCUSD_PERP,ask,64500,532.88
2024-08-25 16:31:11,BTCUSD_PERP,ask,64500,543.19
2024-08-25 16:31:14,BTCUSD_PERP,ask,64500,553.18
2024-08-25 16:31:16,BTCUSD_PERP,ask,64500,563.49
2024-08-25 16:31:20,BTCUSD_PERP,ask,64500,573.8
2024-08-25 16:31:21,BTCUSD_PERP,ask,64500,580.24
2024-08-25 16:31:22,BTCUSD_PERP,ask,64500,590.87
2024-08-25 16:31:25,BTCUSD_PERP,ask,64500,597.31
2024-08-25 16:31:28,BTCUSD_PERP,ask,64500,607.62
2024-08-25 16:31:31,BTCUSD_PERP,ask,64500,617.93
2024-08-25 16:31:54,BTCUSD_PERP,ask,64500,607.62
2024-08-25 16:31:55,BTCUSD_PERP,ask,64500,597.31
2024-08-25 16:31:56,BTCUSD_PERP,ask,64500,590.87
2024-08-25 16:32:02,BTCUSD_PERP,ask,64500,584.43
2024-08-25 16:32:02,BTCUSD_PERP,ask,64500,574.12
2024-08-25 16:32:06,BTCUSD_PERP,ask,64500,563.81
2024-08-25 16:32:11,BTCUSD_PERP,ask,64500,553.5
2024-08-25 16:32:12,BTCUSD_PERP,ask,64500,543.19
2024-08-25 16:32:15,BTCUSD_PERP,ask,64500,533.2
2024-08-25 16:32:17,BTCUSD_PERP,ask,64500,522.89
2024-08-25 16:32:20,BTCUSD_PERP,ask,64500,512.58
2024-08-25 16:32:20,BTCUSD_PERP,ask,64500,491.31
2024-08-25 16:32:21,BTCUSD_PERP,ask,64500,484.87
2024-08-25 17:08:49,BTCUSD_PERP,ask,64500,474.11
2024-08-25 17:08:51,BTCUSD_PERP,ask,64500,495.37
2024-08-25 17:08:53,BTCUSD_PERP,ask,64500,505.68
2024-08-25 17:08:55,BTCUSD_PERP,ask,64500,516.31
2024-08-25 17:08:56,BTCUSD_PERP,ask,64500,522.75
2024-08-25 17:08:59,BTCUSD_PERP,ask,64500,529.19
2024-08-25 17:09:46,BTCUSD_PERP,ask,64500,518.88
2024-08-25 17:09:49,BTCUSD_PERP,ask,64500,508.57
2024-08-25 17:09:49,BTCUSD_PERP,ask,64500,502.13
2024-08-25 17:09:53,BTCUSD_PERP,ask,64500,491.82
2024-08-25 17:09:56,BTCUSD_PERP,ask,64500,485.38
2024-08-26 04:28:51,BTCUSD_PERP,bid,64500,485.99
2024-08-26 04:28:51,BTCUSD_PERP,bid,64500,483.96
2024-08-26 04:28:51,BTCUSD_PERP,bid,64500,483.91
2024-08-26 04:28:51,BTCUSD_PERP,bid,64500,483.9
2024-08-26 04:28:51,BTCUSD_PERP,bid,64500,483.86
2024-08-26 04:28:51,BTCUSD_PERP,bid,64500,483.71
2024-08-26 04:28:51,BTCUSD_PERP,bid,64500,483.7
2024-08-26 04:28:52,BTCUSD_PERP,bid,64500,481.7
2024-08-26 04:28:52,BTCUSD_PERP,bid,64500,481.7
2024-08-26 04:28:52,BTCUSD_PERP,bid,64500,481.47
2024-08-26 04:28:52,BTCUSD_PERP,bid,64500,481.49
2024-08-26 04:28:53,BTCUSD_PERP,bid,64500,491.55
2024-08-26 04:28:53,BTCUSD_PERP,bid,64500,491.56
2024-08-26 04:28:53,BTCUSD_PERP,bid,64500,491.54
2024-08-26 04:28:53,BTCUSD_PERP,bid,64500,501.53
2024-08-26 04:28:53,BTCUSD_PERP,bid,64500,501.54
2024-08-26 04:28:54,BTCUSD_PERP,bid,64500,501.55
2024-08-26 04:28:54,BTCUSD_PERP,bid,64500,498.06
2024-08-26 04:28:54,BTCUSD_PERP,bid,64500,481.95
2024-08-26 04:28:54,BTCUSD_PERP,bid,64500,481.25
2024-08-26 04:28:54,BTCUSD_PERP,bid,64500,479.54
2024-08-26 04:28:54,BTCUSD_PERP,bid,64500,479.39
2024-08-26 04:28:55,BTCUSD_PERP,bid,64500,479.43
2024-08-26 04:28:55,BTCUSD_PERP,bid,64500,479.44
2024-08-26 04:28:55,BTCUSD_PERP,bid,64500,479.45
2024-08-26 04:28:56,BTCUSD_PERP,bid,64500,479.24
2024-08-26 04:28:56,BTCUSD_PERP,bid,64500,489.23
2024-08-26 04:28:56,BTCUSD_PERP,bid,64500,487.42
2024-08-26 04:28:57,BTCUSD_PERP,bid,64500,486.45
2024-08-26 04:28:58,BTCUSD_PERP,bid,64500,486.47
2024-08-26 04:28:58,BTCUSD_PERP,bid,64500,486.44
2024-08-26 04:28:58,BTCUSD_PERP,bid,64500,486.52
2024-08-26 04:28:59,BTCUSD_PERP,bid,64500,486.59
2024-08-26 04:28:59,BTCUSD_PERP,bid,64500,485.0
2024-08-26 04:28:59,BTCUSD_PERP,bid,64500,484.82
2024-08-26 04:29:00,BTCUSD_PERP,bid,64500,484.83
2024-08-26 04:29:00,BTCUSD_PERP,bid,64500,484.14
2024-08-26 04:29:00,BTCUSD_PERP,bid,64500,484.07
2024-08-26 04:29:00,BTCUSD_PERP,bid,64500,483.08
2024-08-26 04:29:00,BTCUSD_PERP,bid,64500,482.64
2024-08-26 04:29:01,BTCUSD_PERP,bid,64500,482.68
2024-08-26 04:29:01,BTCUSD_PERP,bid,64500,482.45
2024-08-26 04:29:01,BTCUSD_PERP,bid,64500,480.35
2024-08-26 04:29:01,BTCUSD_PERP,bid,64500,480.08
2024-08-26 04:29:01,BTCUSD_PERP,bid,64500,480.16
2024-08-26 04:29:01,BTCUSD_PERP,bid,64500,478.55
2024-08-26 04:29:01,BTCUSD_PERP,bid,64500,474.61
2024-08-26 04:29:02,BTCUSD_PERP,bid,64500,468.96
2024-08-26 04:29:03,BTCUSD_PERP,bid,64500,469.1
2024-08-26 04:29:03,BTCUSD_PERP,bid,64500,469.06
2024-08-26 04:29:03,BTCUSD_PERP,bid,64500,479.06
2024-08-26 04:29:04,BTCUSD_PERP,bid,64500,479.03
2024-08-26 04:29:04,BTCUSD_PERP,bid,64500,489.14
2024-08-26 04:29:04,BTCUSD_PERP,bid,64500,479.11
2024-08-26 04:29:04,BTCUSD_PERP,bid,64500,478.75
2024-08-26 04:29:04,BTCUSD_PERP,bid,64500,488.53
2024-08-26 04:29:04,BTCUSD_PERP,bid,64500,488.54
2024-08-26 04:29:04,BTCUSD_PERP,bid,64500,488.53
2024-08-26 04:29:04,BTCUSD_PERP,bid,64500,488.55
2024-08-26 04:29:05,BTCUSD_PERP,bid,64500,488.6
2024-08-26 04:29:05,BTCUSD_PERP,bid,64500,488.63
2024-08-26 04:29:05,BTCUSD_PERP,bid,64500,488.59
2024-08-26 04:29:05,BTCUSD_PERP,bid,64500,488.6
2024-08-26 04:29:05,BTCUSD_PERP,bid,64500,488.59
2024-08-26 04:29:06,BTCUSD_PERP,bid,64500,488.61
2024-08-26 04:29:06,BTCUSD_PERP,bid,64500,488.6
2024-08-26 04:29:07,BTCUSD_PERP,bid,64500,491.0
2024-08-26 04:29:07,BTCUSD_PERP,bid,64500,490.02
2024-08-26 04:29:07,BTCUSD_PERP,bid,64500,490.97
2024-08-26 04:29:07,BTCUSD_PERP,bid,64500,492.47
2024-08-26 04:29:07,BTCUSD_PERP,bid,64500,497.53
2024-08-26 04:29:08,BTCUSD_PERP,bid,64500,505.83
2024-08-26 04:29:08,BTCUSD_PERP,bid,64500,505.83
2024-08-26 04:29:08,BTCUSD_PERP,bid,64500,505.81
2024-08-26 04:29:08,BTCUSD_PERP,bid,64500,505.39
2024-08-26 04:29:08,BTCUSD_PERP,bid,64500,492.73
2024-08-26 04:29:08,BTCUSD_PERP,bid,64500,492.66
2024-08-26 04:29:08,BTCUSD_PERP,bid,64500,491.85
2024-08-25 14:37:46,BTCUSD_PERP,ask,64600,466.98
2024-08-25 14:37:46,BTCUSD_PERP,ask,64600,488.29
2024-08-25 14:38:07,BTCUSD_PERP,ask,64600,467.17
2024-08-25 15:49:30,BTCUSD_PERP,ask,64600,472.4
2024-08-25 15:49:31,BTCUSD_PERP,ask,64600,482.73
2024-08-25 15:49:34,BTCUSD_PERP,ask,64600,476.27
2024-08-25 15:49:34,BTCUSD_PERP,ask,64600,482.73
2024-08-25 15:49:36,BTCUSD_PERP,ask,64600,489.18
2024-08-25 15:49:37,BTCUSD_PERP,ask,64600,472.39
2024-08-25 15:49:38,BTCUSD_PERP,ask,64600,489.18
2024-08-25 15:49:40,BTCUSD_PERP,ask,64600,478.85
2024-08-25 15:49:44,BTCUSD_PERP,ask,64600,472.39
2024-08-25 16:07:49,BTCUSD_PERP,ask,64600,466.65
2024-08-25 16:07:56,BTCUSD_PERP,ask,64600,473.1
2024-08-25 16:07:58,BTCUSD_PERP,ask,64600,483.43
2024-08-25 16:07:59,BTCUSD_PERP,ask,64600,493.76
2024-08-25 16:08:00,BTCUSD_PERP,ask,64600,500.21
2024-08-25 16:08:41,BTCUSD_PERP,ask,64600,489.88
2024-08-25 16:08:44,BTCUSD_PERP,ask,64600,483.43
2024-08-25 16:08:48,BTCUSD_PERP,ask,64600,473.1
2024-08-25 16:08:49,BTCUSD_PERP,ask,64600,466.65
2024-08-25 16:10:30,BTCUSD_PERP,ask,64600,479.37
2024-08-25 16:11:24,BTCUSD_PERP,ask,64600,469.05
2024-08-25 16:16:24,BTCUSD_PERP,ask,64600,468.38
2024-08-25 16:16:25,BTCUSD_PERP,ask,64600,478.7
2024-08-25 16:16:36,BTCUSD_PERP,ask,64600,489.02
2024-08-25 16:16:38,BTCUSD_PERP,ask,64600,499.67
2024-08-25 16:16:40,BTCUSD_PERP,ask,64600,506.12
2024-08-25 16:16:46,BTCUSD_PERP,ask,64600,516.44
2024-08-25 16:16:49,BTCUSD_PERP,ask,64600,522.89
2024-08-25 16:16:54,BTCUSD_PERP,ask,64600,529.34
2024-08-25 16:16:54,BTCUSD_PERP,ask,64600,539.66
2024-08-25 16:17:00,BTCUSD_PERP,ask,64600,560.96
2024-08-25 16:17:00,BTCUSD_PERP,ask,64600,567.41
2024-08-25 16:17:03,BTCUSD_PERP,ask,64600,577.73
2024-08-25 16:17:03,BTCUSD_PERP,ask,64600,588.05
2024-08-25 16:17:19,BTCUSD_PERP,ask,64600,577.73
2024-08-25 16:17:24,BTCUSD_PERP,ask,64600,567.41
2024-08-25 16:17:26,BTCUSD_PERP,ask,64600,557.09
2024-08-25 16:17:36,BTCUSD_PERP,ask,64600,546.77
2024-08-25 16:17:46,BTCUSD_PERP,ask,64600,536.45
2024-08-25 16:17:49,BTCUSD_PERP,ask,64600,530.0
2024-08-25 16:17:54,BTCUSD_PERP,ask,64600,523.55
2024-08-25 16:17:55,BTCUSD_PERP,ask,64600,513.23
2024-08-25 16:18:03,BTCUSD_PERP,ask,64600,502.91
2024-08-25 16:18:03,BTCUSD_PERP,ask,64600,492.59
2024-08-25 16:18:08,BTCUSD_PERP,ask,64600,481.94
2024-08-25 16:18:12,BTCUSD_PERP,ask,64600,475.49
2024-08-25 16:25:21,BTCUSD_PERP,ask,64600,477.83
2024-08-25 16:25:21,BTCUSD_PERP,ask,64600,499.14
2024-08-25 16:26:13,BTCUSD_PERP,ask,64600,477.83
2024-08-25 18:21:17,BTCUSD_PERP,ask,64600,468.62
2024-08-25 18:21:19,BTCUSD_PERP,ask,64600,478.63
2024-08-25 18:21:20,BTCUSD_PERP,ask,64600,488.95
2024-08-25 18:21:20,BTCUSD_PERP,ask,64600,499.28
2024-08-25 18:22:17,BTCUSD_PERP,ask,64600,478.62
2024-08-25 18:22:19,BTCUSD_PERP,ask,64600,468.61
2024-08-25 19:01:19,BTCUSD_PERP,ask,64600,475.79
2024-08-25 19:01:20,BTCUSD_PERP,ask,64600,465.47
2024-08-25 19:01:20,BTCUSD_PERP,ask,64600,475.79
2024-08-25 19:01:23,BTCUSD_PERP,ask,64600,469.34
2024-08-25 19:01:23,BTCUSD_PERP,ask,64600,475.79
2024-08-25 19:01:26,BTCUSD_PERP,ask,64600,469.34
2024-08-25 19:01:26,BTCUSD_PERP,ask,64600,475.79
2024-08-25 19:01:28,BTCUSD_PERP,ask,64600,482.24
2024-08-25 19:01:31,BTCUSD_PERP,ask,64600,488.69
2024-08-25 19:01:39,BTCUSD_PERP,ask,64600,478.37
2024-08-25 19:01:40,BTCUSD_PERP,ask,64600,488.69
2024-08-25 19:01:41,BTCUSD_PERP,ask,64600,478.37
2024-08-25 19:01:41,BTCUSD_PERP,ask,64600,488.69
2024-08-25 19:01:42,BTCUSD_PERP,ask,64600,478.37
2024-08-25 19:01:42,BTCUSD_PERP,ask,64600,488.69
2024-08-25 19:01:42,BTCUSD_PERP,ask,64600,478.69
2024-08-25 19:01:42,BTCUSD_PERP,ask,64600,488.69
2024-08-25 19:01:45,BTCUSD_PERP,ask,64600,478.37
2024-08-25 19:01:45,BTCUSD_PERP,ask,64600,488.69
2024-08-25 19:01:47,BTCUSD_PERP,ask,64600,478.04
2024-08-25 19:01:48,BTCUSD_PERP,ask,64600,488.69
2024-08-25 19:01:51,BTCUSD_PERP,ask,64600,478.37
2024-08-25 19:01:52,BTCUSD_PERP,ask,64600,488.69
2024-08-25 19:01:57,BTCUSD_PERP,ask,64600,478.37
2024-08-25 19:01:57,BTCUSD_PERP,ask,64600,488.69
2024-08-25 19:02:00,BTCUSD_PERP,ask,64600,478.37
2024-08-25 19:02:02,BTCUSD_PERP,ask,64600,488.69
2024-08-25 19:02:11,BTCUSD_PERP,ask,64600,478.37
2024-08-25 07:00:11,BTCUSD_PERP,ask,64800,493.04
2024-08-25 07:00:12,BTCUSD_PERP,ask,64800,471.66
2024-08-25 07:16:31,BTCUSD_PERP,ask,65000,578.27
2024-08-25 07:26:33,BTCUSD_PERP,ask,65000,461.38
2024-08-25 07:26:34,BTCUSD_PERP,ask,65000,471.78
2024-08-25 07:26:34,BTCUSD_PERP,ask,65000,478.27
2024-08-25 07:26:34,BTCUSD_PERP,ask,65000,484.77
2024-08-25 07:27:31,BTCUSD_PERP,ask,65000,474.37
2024-08-25 07:27:34,BTCUSD_PERP,ask,65000,463.97
2024-08-25 08:31:51,BTCUSD_PERP,ask,64900,462.88
2024-08-25 08:31:55,BTCUSD_PERP,ask,64900,484.28
2024-08-25 08:31:57,BTCUSD_PERP,ask,64900,505.68
2024-08-25 08:32:04,BTCUSD_PERP,ask,64900,512.16
2024-08-25 08:32:04,BTCUSD_PERP,ask,64900,522.53
2024-08-25 08:32:06,BTCUSD_PERP,ask,64900,529.01
2024-08-25 08:32:08,BTCUSD_PERP,ask,64900,535.49
2024-08-25 08:32:10,BTCUSD_PERP,ask,64900,545.86
2024-08-25 08:32:10,BTCUSD_PERP,ask,64900,556.23
2024-08-25 09:48:11,BTCUSD_PERP,ask,64900,471.24
2024-08-25 09:48:18,BTCUSD_PERP,ask,64900,477.72
2024-08-25 09:48:24,BTCUSD_PERP,ask,64900,484.2
2024-08-25 09:48:31,BTCUSD_PERP,ask,64900,494.57
2024-08-25 09:48:33,BTCUSD_PERP,ask,64900,505.27
2024-08-25 09:48:36,BTCUSD_PERP,ask,64900,515.64
2024-08-25 09:48:39,BTCUSD_PERP,ask,64900,522.12
2024-08-25 09:48:39,BTCUSD_PERP,ask,64900,532.49
2024-08-25 09:48:40,BTCUSD_PERP,ask,64900,538.97
2024-08-25 09:48:41,BTCUSD_PERP,ask,64900,555.82
2024-08-25 09:48:41,BTCUSD_PERP,ask,64900,565.87
2024-08-25 09:49:32,BTCUSD_PERP,ask,64900,555.5
2024-08-25 11:31:42,BTCUSD_PERP,ask,64700,469.75
2024-08-25 11:31:42,BTCUSD_PERP,ask,64700,480.1
2024-08-25 11:31:43,BTCUSD_PERP,ask,64700,511.8
2024-08-25 11:31:52,BTCUSD_PERP,ask,64700,533.15
2024-08-25 11:32:24,BTCUSD_PERP,ask,64700,522.8
2024-08-25 11:32:35,BTCUSD_PERP,ask,64700,516.33
2024-08-25 11:32:36,BTCUSD_PERP,ask,64700,505.98
2024-08-25 11:32:38,BTCUSD_PERP,ask,64700,499.51
2024-08-25 11:32:40,BTCUSD_PERP,ask,64700,489.16
2024-08-25 11:32:41,BTCUSD_PERP,ask,64700,479.13
2024-08-25 11:32:41,BTCUSD_PERP,ask,64700,468.78
2024-08-25 13:08:41,BTCUSD_PERP,ask,64800,531.56
2024-08-25 13:08:43,BTCUSD_PERP,ask,64800,538.03
2024-08-25 13:09:35,BTCUSD_PERP,ask,64800,527.68
2024-08-25 13:09:36,BTCUSD_PERP,ask,64800,517.33
2024-08-25 13:09:37,BTCUSD_PERP,ask,64800,507.3
2024-08-25 13:09:38,BTCUSD_PERP,ask,64800,496.95
2024-08-25 13:09:39,BTCUSD_PERP,ask,64800,486.6
2024-08-25 13:09:39,BTCUSD_PERP,ask,64800,476.25
2024-08-25 13:09:40,BTCUSD_PERP,ask,64800,465.9
2024-08-25 13:10:45,BTCUSD_PERP,ask,64700,479.85
2024-08-25 13:11:41,BTCUSD_PERP,ask,64700,469.51
2024-08-25 13:13:37,BTCUSD_PERP,ask,64800,468.7
2024-08-25 13:13:37,BTCUSD_PERP,ask,64800,479.06
2024-08-25 13:13:38,BTCUSD_PERP,ask,64800,489.42
2024-08-25 13:13:39,BTCUSD_PERP,ask,64800,499.78
2024-08-25 13:13:40,BTCUSD_PERP,ask,64800,510.14
2024-08-25 13:13:40,BTCUSD_PERP,ask,64800,520.18
2024-08-25 13:13:41,BTCUSD_PERP,ask,64800,530.54
2024-08-25 13:13:41,BTCUSD_PERP,ask,64800,540.9
2024-08-25 13:13:41,BTCUSD_PERP,ask,64800,551.26
2024-08-25 13:13:43,BTCUSD_PERP,ask,64800,561.62
2024-08-25 13:13:45,BTCUSD_PERP,ask,64800,582.99
2024-08-25 13:13:51,BTCUSD_PERP,ask,64800,593.35
2024-08-25 13:14:11,BTCUSD_PERP,ask,64800,603.71
2024-08-25 13:14:17,BTCUSD_PERP,ask,64800,610.18
2024-08-25 13:14:21,BTCUSD_PERP,ask,64800,631.55
2024-08-25 13:14:26,BTCUSD_PERP,ask,64800,642.23
2024-08-25 13:14:28,BTCUSD_PERP,ask,64800,648.7
2024-08-25 13:14:37,BTCUSD_PERP,ask,64800,642.23
2024-08-25 13:14:37,BTCUSD_PERP,ask,64800,631.87
2024-08-25 13:14:38,BTCUSD_PERP,ask,64800,621.51
2024-08-25 13:14:39,BTCUSD_PERP,ask,64800,611.15
2024-08-25 13:14:40,BTCUSD_PERP,ask,64800,590.75
2024-08-25 13:14:41,BTCUSD_PERP,ask,64800,580.39
2024-08-25 13:14:41,BTCUSD_PERP,ask,64800,570.03
2024-08-25 13:14:42,BTCUSD_PERP,ask,64800,559.67
2024-08-25 13:14:43,BTCUSD_PERP,ask,64800,549.31
2024-08-25 13:14:51,BTCUSD_PERP,ask,64800,538.95
2024-08-25 13:15:11,BTCUSD_PERP,ask,64800,532.48
2024-08-25 13:15:11,BTCUSD_PERP,ask,64800,522.12
2024-08-25 13:15:16,BTCUSD_PERP,ask,64800,515.65
2024-08-25 13:15:16,BTCUSD_PERP,ask,64800,494.28
2024-08-25 13:15:17,BTCUSD_PERP,ask,64800,487.81
2024-08-25 13:15:57,BTCUSD_PERP,ask,64800,477.13
2024-08-25 13:41:30,BTCUSD_PERP,ask,64700,480.5
2024-08-25 13:41:33,BTCUSD_PERP,ask,64700,486.97
2024-08-25 13:41:33,BTCUSD_PERP,ask,64700,508.32
2024-08-25 13:41:36,BTCUSD_PERP,ask,64700,518.67
2024-08-25 13:41:58,BTCUSD_PERP,ask,64700,529.02
2024-08-25 13:42:04,BTCUSD_PERP,ask,64700,464.9
2024-08-25 13:56:02,BTCUSD_PERP,ask,64700,493.05
2024-08-25 13:56:03,BTCUSD_PERP,ask,64700,503.39
2024-08-25 13:56:04,BTCUSD_PERP,ask,64700,513.73
2024-08-25 13:56:04,BTCUSD_PERP,ask,64700,523.75
2024-08-25 13:56:05,BTCUSD_PERP,ask,64700,534.09
2024-08-25 13:56:06,BTCUSD_PERP,ask,64700,544.43
2024-08-25 13:56:06,BTCUSD_PERP,ask,64700,554.77
2024-08-25 13:56:07,BTCUSD_PERP,ask,64700,565.11
2024-08-25 13:56:07,BTCUSD_PERP,ask,64700,575.45
2024-08-25 13:57:00,BTCUSD_PERP,ask,64700,568.99
2024-08-25 13:57:01,BTCUSD_PERP,ask,64700,558.65
2024-08-25 13:57:03,BTCUSD_PERP,ask,64700,548.31
2024-08-25 13:57:05,BTCUSD_PERP,ask,64700,537.97
2024-08-25 13:57:05,BTCUSD_PERP,ask,64700,527.95
2024-08-25 13:57:05,BTCUSD_PERP,ask,64700,517.61
2024-08-25 13:57:06,BTCUSD_PERP,ask,64700,507.27
2024-08-25 13:57:07,BTCUSD_PERP,ask,64700,496.93
2024-08-25 13:57:07,BTCUSD_PERP,ask,64700,486.59
2024-08-25 13:57:07,BTCUSD_PERP,ask,64700,476.25
2024-08-25 13:57:39,BTCUSD_PERP,ask,64700,469.79
2024-08-25 14:28:30,BTCUSD_PERP,ask,64700,500.65
2024-08-25 14:29:03,BTCUSD_PERP,ask,64700,479.33
2024-08-25 14:29:26,BTCUSD_PERP,ask,64700,468.99
2024-08-25 16:16:18,BTCUSD_PERP,ask,64700,510.89
2024-08-25 16:17:02,BTCUSD_PERP,ask,64700,500.55
2024-08-25 16:17:04,BTCUSD_PERP,ask,64700,490.2
2024-08-25 16:17:04,BTCUSD_PERP,ask,64700,479.86
2024-08-25 16:17:04,BTCUSD_PERP,ask,64700,468.22
2024-08-25 18:29:05,BTCUSD_PERP,ask,64700,465.18
2024-08-25 18:29:06,BTCUSD_PERP,ask,64700,475.52
2024-08-25 18:30:02,BTCUSD_PERP,ask,64700,465.18
2024-08-25 18:32:24,BTCUSD_PERP,ask,64700,469.05
2024-08-25 18:32:25,BTCUSD_PERP,ask,64700,479.06
2024-08-25 18:32:26,BTCUSD_PERP,ask,64700,489.39
2024-08-25 18:32:27,BTCUSD_PERP,ask,64700,499.73
2024-08-25 18:32:28,BTCUSD_PERP,ask,64700,510.39
2024-08-25 18:32:30,BTCUSD_PERP,ask,64700,531.71
2024-08-25 18:32:32,BTCUSD_PERP,ask,64700,553.04
2024-08-25 18:32:35,BTCUSD_PERP,ask,64700,563.38
2024-08-25 18:32:42,BTCUSD_PERP,ask,64700,573.72
2024-08-25 18:32:55,BTCUSD_PERP,ask,64700,584.06
2024-08-25 18:32:57,BTCUSD_PERP,ask,64700,590.52
2024-08-25 18:32:57,BTCUSD_PERP,ask,64700,596.98
2024-08-25 18:33:23,BTCUSD_PERP,ask,64700,586.64
2024-08-25 18:33:24,BTCUSD_PERP,ask,64700,576.3
2024-08-25 18:33:26,BTCUSD_PERP,ask,64700,566.29
2024-08-25 18:33:26,BTCUSD_PERP,ask,64700,555.96
2024-08-25 18:33:27,BTCUSD_PERP,ask,64700,545.62
2024-08-25 18:33:35,BTCUSD_PERP,ask,64700,535.28
2024-08-25 18:33:42,BTCUSD_PERP,ask,64700,524.94
2024-08-25 18:33:55,BTCUSD_PERP,ask,64700,514.6
2024-08-25 18:34:02,BTCUSD_PERP,ask,64700,493.28
2024-08-25 18:34:07,BTCUSD_PERP,ask,64700,471.95
2024-08-25 21:43:20,BTCUSD_PERP,ask,64900,471.61
2024-08-25 21:43:21,BTCUSD_PERP,ask,64900,481.98
2024-08-25 21:43:24,BTCUSD_PERP,ask,64900,492.35
2024-08-25 21:43:28,BTCUSD_PERP,ask,64900,498.83
2024-08-25 21:43:31,BTCUSD_PERP,ask,64900,520.23
2024-08-25 21:43:31,BTCUSD_PERP,ask,64900,530.61
2024-08-25 21:43:31,BTCUSD_PERP,ask,64900,537.09
2024-08-25 21:43:40,BTCUSD_PERP,ask,64900,547.47
2024-08-25 21:43:55,BTCUSD_PERP,ask,64900,558.17
2024-08-25 21:43:56,BTCUSD_PERP,ask,64900,568.54
2024-08-25 21:44:02,BTCUSD_PERP,ask,64900,578.92
2024-08-25 21:44:14,BTCUSD_PERP,ask,64900,568.54
2024-08-25 21:44:14,BTCUSD_PERP,ask,64900,562.06
2024-08-25 21:44:15,BTCUSD_PERP,ask,64900,555.58
2024-08-25 21:44:17,BTCUSD_PERP,ask,64900,545.21
2024-08-25 21:44:18,BTCUSD_PERP,ask,64900,534.84
2024-08-25 21:44:19,BTCUSD_PERP,ask,64900,524.47
2024-08-25 21:44:21,BTCUSD_PERP,ask,64900,514.42
2024-08-25 21:44:21,BTCUSD_PERP,ask,64900,504.05
2024-08-25 21:44:24,BTCUSD_PERP,ask,64900,493.68
2024-08-25 21:44:32,BTCUSD_PERP,ask,64900,483.3
2024-08-25 21:44:41,BTCUSD_PERP,ask,64900,472.92
2024-08-25 21:45:20,BTCUSD_PERP,ask,64900,468.36
2024-08-25 21:45:21,BTCUSD_PERP,ask,64900,478.42
2024-08-25 21:45:22,BTCUSD_PERP,ask,64900,488.8
2024-08-25 21:45:25,BTCUSD_PERP,ask,64900,499.18
2024-08-25 21:45:28,BTCUSD_PERP,ask,64900,509.89
2024-08-25 21:46:15,BTCUSD_PERP,ask,64900,493.02
2024-08-25 21:46:16,BTCUSD_PERP,ask,64900,486.53
2024-08-25 21:46:18,BTCUSD_PERP,ask,64900,476.15
2024-08-25 21:46:19,BTCUSD_PERP,ask,64900,465.77
2024-08-25 21:49:50,BTCUSD_PERP,ask,64800,481.23
2024-08-25 21:49:52,BTCUSD_PERP,ask,64800,491.59
2024-08-25 21:50:44,BTCUSD_PERP,ask,64800,481.23
2024-08-25 21:50:53,BTCUSD_PERP,ask,64800,470.87
2024-08-25 22:01:17,BTCUSD_PERP,ask,64800,472.74
2024-08-25 22:01:24,BTCUSD_PERP,ask,64800,479.21
2024-08-25 22:02:15,BTCUSD_PERP,ask,64800,468.85
2024-08-26 00:28:08,BTCUSD_PERP,ask,64700,464.89
2024-08-26 00:28:11,BTCUSD_PERP,ask,64700,471.35
2024-08-26 00:28:12,BTCUSD_PERP,ask,64700,481.7
2024-08-26 00:28:21,BTCUSD_PERP,ask,64700,492.05
2024-08-26 00:28:24,BTCUSD_PERP,ask,64700,498.52
2024-08-26 00:28:31,BTCUSD_PERP,ask,64700,519.87
2024-08-26 00:28:34,BTCUSD_PERP,ask,64700,526.34
2024-08-26 00:28:35,BTCUSD_PERP,ask,64700,515.99
2024-08-26 00:28:36,BTCUSD_PERP,ask,64700,526.34
2024-08-26 00:28:38,BTCUSD_PERP,ask,64700,532.8
2024-08-26 00:28:42,BTCUSD_PERP,ask,64700,554.15
2024-08-26 00:28:47,BTCUSD_PERP,ask,64700,547.68
2024-08-26 00:28:48,BTCUSD_PERP,ask,64700,554.15
2024-08-26 00:28:51,BTCUSD_PERP,ask,64700,543.8
2024-08-26 00:28:52,BTCUSD_PERP,ask,64700,554.15
2024-08-26 00:28:52,BTCUSD_PERP,ask,64700,543.8
2024-08-26 00:28:52,BTCUSD_PERP,ask,64700,554.15
2024-08-26 00:28:53,BTCUSD_PERP,ask,64700,543.8
2024-08-26 00:28:53,BTCUSD_PERP,ask,64700,554.15
2024-08-26 00:28:54,BTCUSD_PERP,ask,64700,543.8
2024-08-26 00:28:54,BTCUSD_PERP,ask,64700,554.15
2024-08-26 00:28:57,BTCUSD_PERP,ask,64700,544.12
2024-08-26 00:28:57,BTCUSD_PERP,ask,64700,554.15
2024-08-26 00:29:01,BTCUSD_PERP,ask,64700,543.8
2024-08-26 00:29:01,BTCUSD_PERP,ask,64700,554.15
2024-08-26 00:29:01,BTCUSD_PERP,ask,64700,543.8
2024-08-26 00:29:02,BTCUSD_PERP,ask,64700,554.15
2024-08-26 00:29:09,BTCUSD_PERP,ask,64700,547.68
2024-08-26 00:29:09,BTCUSD_PERP,ask,64700,537.33
2024-08-26 00:29:09,BTCUSD_PERP,ask,64700,543.8
2024-08-26 00:29:11,BTCUSD_PERP,ask,64700,554.15
2024-08-26 00:29:12,BTCUSD_PERP,ask,64700,543.8
2024-08-26 00:29:14,BTCUSD_PERP,ask,64700,554.15
2024-08-26 00:29:22,BTCUSD_PERP,ask,64700,543.8
2024-08-26 00:29:22,BTCUSD_PERP,ask,64700,554.15
2024-08-26 00:29:24,BTCUSD_PERP,ask,64700,547.68
2024-08-26 00:29:25,BTCUSD_PERP,ask,64700,554.15
2024-08-26 00:29:28,BTCUSD_PERP,ask,64700,532.8
2024-08-26 00:29:31,BTCUSD_PERP,ask,64700,526.33
2024-08-26 00:29:36,BTCUSD_PERP,ask,64700,515.98
2024-08-26 00:29:37,BTCUSD_PERP,ask,64700,505.31
2024-08-26 00:29:48,BTCUSD_PERP,ask,64700,498.84
2024-08-26 00:29:52,BTCUSD_PERP,ask,64700,488.49
2024-08-26 00:29:53,BTCUSD_PERP,ask,64700,478.14
2024-08-26 00:29:53,BTCUSD_PERP,ask,64700,471.68
2024-08-26 00:33:51,BTCUSD_PERP,ask,64700,464.23
2024-08-26 00:33:54,BTCUSD_PERP,ask,64700,474.58
2024-08-26 00:33:55,BTCUSD_PERP,ask,64700,484.93
2024-08-26 00:33:56,BTCUSD_PERP,ask,64700,495.28
2024-08-26 00:33:57,BTCUSD_PERP,ask,64700,505.63
2024-08-26 00:34:00,BTCUSD_PERP,ask,64700,515.66
2024-08-26 00:34:03,BTCUSD_PERP,ask,64700,505.31
2024-08-26 00:34:04,BTCUSD_PERP,ask,64700,494.96
2024-08-26 00:34:11,BTCUSD_PERP,ask,64700,488.49
2024-08-26 00:34:19,BTCUSD_PERP,ask,64700,478.14
2024-08-26 00:34:23,BTCUSD_PERP,ask,64700,467.79
2024-08-26 01:07:24,BTCUSD_PERP,ask,64800,465.38
2024-08-26 01:07:26,BTCUSD_PERP,ask,64800,475.74
2024-08-26 01:07:29,BTCUSD_PERP,ask,64800,482.21
2024-08-26 01:07:33,BTCUSD_PERP,ask,64800,492.57
2024-08-26 01:07:40,BTCUSD_PERP,ask,64800,513.94
2024-08-26 01:07:40,BTCUSD_PERP,ask,64800,520.41
2024-08-26 01:07:45,BTCUSD_PERP,ask,64800,510.05
2024-08-26 01:07:45,BTCUSD_PERP,ask,64800,520.41
2024-08-26 01:07:45,BTCUSD_PERP,ask,64800,513.94
2024-08-26 01:07:46,BTCUSD_PERP,ask,64800,520.41
2024-08-26 01:07:48,BTCUSD_PERP,ask,64800,526.88
2024-08-26 01:07:58,BTCUSD_PERP,ask,64800,516.52
2024-08-26 01:08:11,BTCUSD_PERP,ask,64800,510.05
2024-08-26 01:08:14,BTCUSD_PERP,ask,64800,499.69
2024-08-26 01:08:16,BTCUSD_PERP,ask,64800,489.33
2024-08-26 01:08:17,BTCUSD_PERP,ask,64800,478.97
2024-08-26 01:08:17,BTCUSD_PERP,ask,64800,468.61
2024-08-26 03:51:29,BTCUSD_PERP,ask,64900,467.43
2024-08-26 03:53:49,BTCUSD_PERP,ask,64900,471.14
2024-08-26 03:53:51,BTCUSD_PERP,ask,64900,481.52
2024-08-26 03:53:51,BTCUSD_PERP,ask,64900,488.0
2024-08-26 03:53:54,BTCUSD_PERP,ask,64900,498.38
2024-08-26 03:53:54,BTCUSD_PERP,ask,64900,508.75
2024-08-26 03:53:56,BTCUSD_PERP,ask,64900,519.13
2024-08-26 03:53:57,BTCUSD_PERP,ask,64900,525.61
2024-08-26 03:53:58,BTCUSD_PERP,ask,64900,532.09
2024-08-26 03:53:59,BTCUSD_PERP,ask,64900,542.47
2024-08-26 03:54:00,BTCUSD_PERP,ask,64900,552.52
2024-08-26 03:54:39,BTCUSD_PERP,ask,64900,542.14
2024-08-26 03:54:51,BTCUSD_PERP,ask,64900,531.76
2024-08-26 03:54:51,BTCUSD_PERP,ask,64900,525.28
2024-08-26 03:54:54,BTCUSD_PERP,ask,64900,514.9
2024-08-26 03:54:55,BTCUSD_PERP,ask,64900,504.53
2024-08-26 03:54:56,BTCUSD_PERP,ask,64900,494.15
2024-08-26 03:54:59,BTCUSD_PERP,ask,64900,487.67
2024-08-26 03:54:59,BTCUSD_PERP,ask,64900,477.29
2024-08-26 03:55:00,BTCUSD_PERP,ask,64900,467.24
2024-08-26 04:05:06,BTCUSD_PERP,ask,64900,466.92
2024-08-26 04:24:40,BTCUSD_PERP,ask,65000,488.98
2024-08-26 04:24:41,BTCUSD_PERP,ask,65000,499.7
2024-08-26 04:25:37,BTCUSD_PERP,ask,65000,482.96
2024-08-26 04:26:04,BTCUSD_PERP,ask,65000,461.7
2024-08-26 04:28:01,BTCUSD_PERP,ask,65000,468.18
2024-08-26 05:50:36,BTCUSD_PERP,ask,65000,461.45
2024-08-26 05:50:41,BTCUSD_PERP,ask,65000,467.95
2024-08-26 05:50:42,BTCUSD_PERP,ask,65000,478.35
2024-08-26 05:50:43,BTCUSD_PERP,ask,65000,488.75
2024-08-26 05:50:47,BTCUSD_PERP,ask,65000,499.15
2024-08-26 05:50:50,BTCUSD_PERP,ask,65000,509.23
2024-08-26 05:50:50,BTCUSD_PERP,ask,65000,519.63
2024-08-26 05:50:52,BTCUSD_PERP,ask,65000,530.36
2024-08-26 05:51:01,BTCUSD_PERP,ask,65000,536.86
2024-08-26 06:14:01,BTCUSD_PERP,bid,64300,508.76
2024-08-26 06:14:01,BTCUSD_PERP,bid,64300,634.86
2024-08-26 06:14:02,BTCUSD_PERP,bid,64300,697.91
2024-08-26 06:14:02,BTCUSD_PERP,bid,64300,761.6
2024-08-26 06:15:10,BTCUSD_PERP,bid,64300,698.55
2024-08-26 06:15:10,BTCUSD_PERP,bid,64300,635.5
2024-08-26 06:15:10,BTCUSD_PERP,bid,64300,571.81
2024-08-26 06:15:11,BTCUSD_PERP,bid,64300,508.12
2024-08-26 06:15:28,BTCUSD_PERP,bid,64300,634.57
2024-08-26 06:15:28,BTCUSD_PERP,bid,64300,698.23
2024-08-26 06:15:30,BTCUSD_PERP,bid,64300,634.57
2024-08-26 06:15:30,BTCUSD_PERP,bid,64300,570.91
2024-08-26 06:16:08,BTCUSD_PERP,bid,64300,634.57
2024-08-26 06:16:23,BTCUSD_PERP,bid,64300,570.91
2024-08-26 06:27:09,BTCUSD_PERP,bid,64300,506.94
2024-08-26 06:27:09,BTCUSD_PERP,bid,64300,570.63
2024-08-26 06:27:10,BTCUSD_PERP,bid,64300,633.68
2024-08-26 06:27:30,BTCUSD_PERP,bid,64300,570.64
2024-08-26 06:27:30,BTCUSD_PERP,bid,64300,506.95
2024-08-26 06:15:22,BTCUSD_PERP,bid,64200,570.54
2024-08-26 06:15:22,BTCUSD_PERP,bid,64200,760.76
2024-08-26 06:15:22,BTCUSD_PERP,bid,64200,824.38
2024-08-26 06:15:26,BTCUSD_PERP,bid,64200,760.76
2024-08-26 06:15:26,BTCUSD_PERP,bid,64200,697.79
2024-08-26 06:15:26,BTCUSD_PERP,bid,64200,634.17
2024-08-26 06:15:26,BTCUSD_PERP,bid,64200,570.66
2024-08-26 06:15:27,BTCUSD_PERP,bid,64200,507.68
2024-08-26 06:16:24,BTCUSD_PERP,bid,64200,707.27
2024-08-26 06:16:24,BTCUSD_PERP,bid,64200,770.9
2024-08-26 06:17:24,BTCUSD_PERP,bid,64200,570.27
2024-08-26 06:17:25,BTCUSD_PERP,bid,64200,507.32
2024-08-26 06:17:25,BTCUSD_PERP,bid,64200,506.42
2024-08-26 06:17:25,BTCUSD_PERP,bid,64200,824.22
2024-08-26 06:26:57,BTCUSD_PERP,bid,64200,517.98
2024-08-26 06:26:57,BTCUSD_PERP,bid,64200,644.64
2024-08-26 06:26:57,BTCUSD_PERP,bid,64200,897.96
2024-08-26 06:26:57,BTCUSD_PERP,bid,64200,961.61
2024-08-26 06:26:58,BTCUSD_PERP,bid,64200,1088.16
2024-08-26 06:26:58,BTCUSD_PERP,bid,64200,513.78
2024-08-26 06:26:58,BTCUSD_PERP,bid,64200,1103.43
2024-08-26 06:26:58,BTCUSD_PERP,bid,64200,577.37
2024-08-26 06:26:58,BTCUSD_PERP,bid,64200,640.32
2024-08-26 06:26:58,BTCUSD_PERP,bid,64200,1166.43
2024-08-26 06:27:08,BTCUSD_PERP,bid,64200,1102.78
2024-08-26 06:27:08,BTCUSD_PERP,bid,64200,976.76
2024-08-26 06:27:08,BTCUSD_PERP,bid,64200,576.77
2024-08-26 06:27:08,BTCUSD_PERP,bid,64200,913.11
2024-08-26 06:27:08,BTCUSD_PERP,bid,64200,722.16
2024-08-26 06:27:08,BTCUSD_PERP,bid,64200,513.2
2024-08-26 06:27:08,BTCUSD_PERP,bid,64200,658.62
2024-08-26 06:27:08,BTCUSD_PERP,bid,64200,595.61
2024-08-26 06:27:09,BTCUSD_PERP,bid,64200,532.61
2024-08-26 06:27:09,BTCUSD_PERP,bid,64200,469.61
2024-08-26 06:29:32,BTCUSD_PERP,bid,64200,516.91
2024-08-26 06:29:33,BTCUSD_PERP,bid,64200,580.52
2024-08-26 06:30:23,BTCUSD_PERP,bid,64200,507.35
2024-08-26 06:30:24,BTCUSD_PERP,bid,64200,571.0
2024-08-26 06:30:25,BTCUSD_PERP,bid,64200,506.85
2024-08-26 06:30:26,BTCUSD_PERP,bid,64200,570.46
2024-08-26 06:31:02,BTCUSD_PERP,bid,64200,507.49
2024-08-26 06:31:51,BTCUSD_PERP,bid,64200,505.97
2024-08-26 06:31:51,BTCUSD_PERP,bid,64200,569.55
2024-08-26 06:34:56,BTCUSD_PERP,bid,64200,506.53
2024-08-26 06:34:56,BTCUSD_PERP,bid,64200,570.09
2024-08-26 06:34:56,BTCUSD_PERP,bid,64200,696.45
2024-08-26 06:34:56,BTCUSD_PERP,bid,64200,822.92
2024-08-26 06:34:56,BTCUSD_PERP,bid,64200,949.39
2024-08-26 06:34:56,BTCUSD_PERP,bid,64200,1012.95
2024-08-26 06:35:11,BTCUSD_PERP,bid,64200,569.44
2024-08-26 06:06:04,BTCUSD_PERP,bid,64100,516.12
2024-08-26 06:06:19,BTCUSD_PERP,bid,64100,505.92
2024-08-26 06:06:38,BTCUSD_PERP,bid,64100,505.92
2024-08-26 06:09:39,BTCUSD_PERP,bid,64100,506.54
2024-08-26 06:09:40,BTCUSD_PERP,bid,64100,570.02
2024-08-26 06:11:06,BTCUSD_PERP,bid,64100,507.2
2024-08-26 06:11:06,BTCUSD_PERP,bid,64100,570.68
2024-08-26 06:11:06,BTCUSD_PERP,bid,64100,633.52
2024-08-26 06:11:07,BTCUSD_PERP,bid,64100,759.2
2024-08-26 06:11:07,BTCUSD_PERP,bid,64100,822.68
2024-08-26 06:11:07,BTCUSD_PERP,bid,64100,886.16
2024-08-26 06:11:07,BTCUSD_PERP,bid,64100,1012.37
2024-08-26 06:11:07,BTCUSD_PERP,bid,64100,1138.69
2024-08-26 06:13:17,BTCUSD_PERP,bid,64100,1075.21
2024-08-26 06:13:17,BTCUSD_PERP,bid,64100,1011.73
2024-08-26 06:13:17,BTCUSD_PERP,bid,64100,885.41
2024-08-26 06:13:18,BTCUSD_PERP,bid,64100,822.57
2024-08-26 06:13:18,BTCUSD_PERP,bid,64100,759.73
2024-08-26 06:13:18,BTCUSD_PERP,bid,64100,696.36
2024-08-26 06:13:18,BTCUSD_PERP,bid,64100,633.52
2024-08-26 06:13:18,BTCUSD_PERP,bid,64100,506.56
2024-08-26 06:13:18,BTCUSD_PERP,bid,64100,505.47
2024-08-26 06:13:18,BTCUSD_PERP,bid,64100,568.35
2024-08-26 06:13:19,BTCUSD_PERP,bid,64100,506.96
2024-08-26 06:13:19,BTCUSD_PERP,bid,64100,695.39
2024-08-26 06:13:19,BTCUSD_PERP,bid,64100,554.55
2024-08-26 06:13:19,BTCUSD_PERP,bid,64100,758.91
2024-08-26 06:13:19,BTCUSD_PERP,bid,64100,821.79
2024-08-26 06:13:19,BTCUSD_PERP,bid,64100,885.31
2024-08-26 06:13:19,BTCUSD_PERP,bid,64100,948.83
2024-08-26 06:13:19,BTCUSD_PERP,bid,64100,1012.35
2024-08-26 06:13:53,BTCUSD_PERP,bid,64100,948.83
2024-08-26 06:13:53,BTCUSD_PERP,bid,64100,885.31
2024-08-26 06:13:53,BTCUSD_PERP,bid,64100,822.43
2024-08-26 06:13:53,BTCUSD_PERP,bid,64100,695.39
2024-08-26 06:13:54,BTCUSD_PERP,bid,64100,631.87
2024-08-26 06:17:25,BTCUSD_PERP,bid,64100,554.43
2024-08-26 06:17:26,BTCUSD_PERP,bid,64100,617.88
2024-08-26 06:17:54,BTCUSD_PERP,bid,64100,554.39
2024-08-26 06:17:55,BTCUSD_PERP,bid,64100,490.9
2024-08-26 06:17:55,BTCUSD_PERP,bid,64100,554.62
2024-08-26 06:17:55,BTCUSD_PERP,bid,64100,1075.89
2024-08-26 06:17:55,BTCUSD_PERP,bid,64100,618.04
2024-08-26 06:17:55,BTCUSD_PERP,bid,64100,1139.41
2024-08-26 06:18:26,BTCUSD_PERP,bid,64100,823.09
2024-08-26 06:22:36,BTCUSD_PERP,bid,64100,516.32
2024-08-26 06:22:36,BTCUSD_PERP,bid,64100,706.75
2024-08-26 06:22:36,BTCUSD_PERP,bid,64100,709.03
2024-08-26 06:22:37,BTCUSD_PERP,bid,64100,851.18
2024-08-26 06:22:37,BTCUSD_PERP,bid,64100,1040.28
2024-08-26 06:22:37,BTCUSD_PERP,bid,64100,1103.74
2024-08-26 06:22:37,BTCUSD_PERP,bid,64100,1167.2
2024-08-26 06:24:37,BTCUSD_PERP,bid,64100,1164.92
2024-08-26 06:24:37,BTCUSD_PERP,bid,64100,1149.69
2024-08-26 06:24:37,BTCUSD_PERP,bid,64100,1148.36
2024-08-26 06:25:21,BTCUSD_PERP,bid,64100,768.88
2024-08-26 06:25:21,BTCUSD_PERP,bid,64100,706.06
2024-08-26 06:25:21,BTCUSD_PERP,bid,64100,642.71
2024-08-26 06:25:21,BTCUSD_PERP,bid,64100,505.97
2024-08-26 06:25:21,BTCUSD_PERP,bid,64100,579.25
2024-08-26 06:25:21,BTCUSD_PERP,bid,64100,569.47
2024-08-26 06:25:22,BTCUSD_PERP,bid,64100,515.79
2024-08-26 06:25:22,BTCUSD_PERP,bid,64100,632.97
2024-08-26 06:25:22,BTCUSD_PERP,bid,64100,696.47
2024-08-26 06:25:22,BTCUSD_PERP,bid,64100,760.02
2024-08-26 06:25:22,BTCUSD_PERP,bid,64100,886.38
2024-08-26 06:25:22,BTCUSD_PERP,bid,64100,949.23
2024-08-26 06:25:22,BTCUSD_PERP,bid,64100,1138.45
2024-08-26 06:25:22,BTCUSD_PERP,bid,64100,1201.95
2024-08-26 06:25:24,BTCUSD_PERP,bid,64100,1202.0
2024-08-26 06:26:25,BTCUSD_PERP,bid,64100,1138.5
2024-08-26 06:26:26,BTCUSD_PERP,bid,64100,1075.0
2024-08-26 06:26:26,BTCUSD_PERP,bid,64100,948.64
2024-08-26 06:26:26,BTCUSD_PERP,bid,64100,758.79
2024-08-26 06:26:26,BTCUSD_PERP,bid,64100,632.43
2024-08-26 06:26:26,BTCUSD_PERP,bid,64100,506.31
2024-08-26 06:26:27,BTCUSD_PERP,bid,64100,568.93
2024-08-26 06:26:27,BTCUSD_PERP,bid,64100,569.84
2024-08-26 06:26:27,BTCUSD_PERP,bid,64100,706.31
2024-08-26 06:26:27,BTCUSD_PERP,bid,64100,832.73
2024-08-26 06:26:27,BTCUSD_PERP,bid,64100,896.3
2024-08-26 06:26:27,BTCUSD_PERP,bid,64100,959.83
2024-08-26 06:26:27,BTCUSD_PERP,bid,64100,1086.78
2024-08-26 06:26:56,BTCUSD_PERP,bid,64100,1023.25
2024-08-26 06:26:56,BTCUSD_PERP,bid,64100,896.84
2024-08-26 06:26:56,BTCUSD_PERP,bid,64100,833.95
2024-08-26 06:26:56,BTCUSD_PERP,bid,64100,770.42
2024-08-26 06:26:56,BTCUSD_PERP,bid,64100,706.89
2024-08-26 06:26:57,BTCUSD_PERP,bid,64100,580.47
2024-08-26 06:26:57,BTCUSD_PERP,bid,64100,569.78
2024-08-26 06:26:57,BTCUSD_PERP,bid,64100,506.25
2024-08-26 06:31:10,BTCUSD_PERP,bid,64100,509.28
2024-08-26 06:31:10,BTCUSD_PERP,bid,64100,572.83
2024-08-26 06:31:45,BTCUSD_PERP,bid,64100,509.93
2024-08-26 06:32:09,BTCUSD_PERP,bid,64100,506.36
2024-08-26 06:33:03,BTCUSD_PERP,bid,64100,506.12
2024-08-26 06:35:11,BTCUSD_PERP,bid,64100,759.57
2024-08-26 06:35:11,BTCUSD_PERP,bid,64100,823.09
2024-08-26 06:35:52,BTCUSD_PERP,bid,64100,759.57
2024-08-26 06:35:52,BTCUSD_PERP,bid,64100,632.87
2024-08-26 06:35:53,BTCUSD_PERP,bid,64100,759.2
2024-08-26 06:36:44,BTCUSD_PERP,bid,64100,695.71
2024-08-26 06:36:44,BTCUSD_PERP,bid,64100,568.73
2024-08-26 06:36:44,BTCUSD_PERP,bid,64100,506.21
2024-08-26 06:36:44,BTCUSD_PERP,bid,64100,569.74
2024-08-26 06:36:44,BTCUSD_PERP,bid,64100,632.63
2024-08-26 06:36:44,BTCUSD_PERP,bid,64100,695.51
2024-08-26 06:36:45,BTCUSD_PERP,bid,64100,758.4
2024-08-26 06:36:45,BTCUSD_PERP,bid,64100,821.93
2024-08-26 06:36:45,BTCUSD_PERP,bid,64100,885.46
2024-08-26 06:36:45,BTCUSD_PERP,bid,64100,948.99
2024-08-26 06:37:32,BTCUSD_PERP,bid,64100,632.73
2024-08-26 06:37:32,BTCUSD_PERP,bid,64100,1011.99
2024-08-26 06:37:32,BTCUSD_PERP,bid,64100,1074.84
2024-08-26 06:37:32,BTCUSD_PERP,bid,64100,1138.34
