2024-08-25 07:02:33,ETHUSDT,ask,2850,5218.813
2024-08-25 07:03:10,ETHUSDT,ask,2850,5220.813
2024-08-25 07:06:38,ETHUSDT,ask,3040,3283.027
2024-08-25 07:07:43,ETHUSDT,ask,2850,5218.113
2024-08-25 07:08:12,ETHUSDT,ask,2840,3715.993
2024-08-25 07:08:18,ETHUSDT,ask,2840,3716.001
2024-08-25 07:08:47,ETHUSDT,ask,2840,3719.989
2024-08-25 07:08:57,ETHUSDT,ask,2840,3719.489
2024-08-25 07:10:30,ETHUSDT,ask,2840,3719.68
2024-08-25 07:14:16,ETHUSDT,ask,2840,3721.247
2024-08-25 07:17:33,ETHUSDT,ask,2840,3721.497
2024-08-25 07:18:23,ETHUSDT,ask,2850,5237.222
2024-08-25 07:18:45,ETHUSDT,ask,2850,5236.664
2024-08-25 07:19:35,ETHUSDT,ask,2840,3721.849
2024-08-25 07:20:44,ETHUSDT,ask,2840,3722.905
2024-08-25 07:23:05,ETHUSDT,ask,2840,3722.897
2024-08-25 07:23:15,ETHUSDT,ask,2850,5240.272
2024-08-25 07:23:23,ETHUSDT,ask,2850,5240.322
2024-08-25 07:24:53,ETHUSDT,ask,2850,5232.46
2024-08-25 07:25:47,ETHUSDT,ask,2850,5232.355
2024-08-25 07:25:54,ETHUSDT,ask,2840,3725.889
2024-08-25 07:25:59,ETHUSDT,ask,2850,5232.705
2024-08-25 07:26:24,ETHUSDT,ask,2840,3722.897
2024-08-25 07:26:49,ETHUSDT,ask,2840,3725.713
2024-08-25 07:26:56,ETHUSDT,ask,3040,3283.037
2024-08-25 07:27:01,ETHUSDT,ask,2850,5232.683
2024-08-25 07:27:51,ETHUSDT,ask,3040,3283.027
2024-08-25 07:28:42,ETHUSDT,ask,2850,5234.437
2024-08-25 07:28:43,ETHUSDT,ask,3040,3283.037
2024-08-25 07:28:43,ETHUSDT,ask,3040,3283.047
2024-08-25 07:28:55,ETHUSDT,ask,2850,5234.429
2024-08-25 07:28:55,ETHUSDT,ask,2840,3725.705
2024-08-25 07:29:23,ETHUSDT,ask,3040,3283.037
2024-08-25 07:29:23,ETHUSDT,ask,3040,3283.027
2024-08-25 07:29:58,ETHUSDT,ask,3040,3283.037
2024-08-25 07:30:18,ETHUSDT,ask,3040,3283.051
2024-08-25 07:30:18,ETHUSDT,ask,3040,3283.065
2024-08-25 07:30:18,ETHUSDT,ask,3040,3283.072
2024-08-25 07:30:27,ETHUSDT,ask,3040,3283.065
2024-08-25 07:30:27,ETHUSDT,ask,3040,3283.058
2024-08-25 07:30:27,ETHUSDT,ask,3040,3283.051
2024-08-25 07:30:27,ETHUSDT,ask,3040,3283.044
2024-08-25 07:30:28,ETHUSDT,ask,3040,3283.037
2024-08-25 07:30:31,ETHUSDT,ask,2840,3715.705
2024-08-25 07:30:51,ETHUSDT,ask,3040,3283.027
2024-08-25 07:32:00,ETHUSDT,ask,2850,5234.254
2024-08-25 07:33:10,ETHUSDT,ask,2850,5193.361
2024-08-25 07:37:00,ETHUSDT,ask,2840,3714.378
2024-08-25 07:37:12,ETHUSDT,ask,2840,3712.165
2024-08-25 07:37:23,ETHUSDT,ask,2840,3712.341
2024-08-25 07:41:00,ETHUSDT,ask,2850,5196.518
2024-08-25 07:41:44,ETHUSDT,ask,2840,3714.339
2024-08-25 07:41:54,ETHUSDT,ask,2850,5196.237
2024-08-25 07:42:36,ETHUSDT,ask,2850,5196.308
2024-08-25 07:44:14,ETHUSDT,ask,2850,5194.047
2024-08-25 07:45:27,ETHUSDT,ask,2850,5196.152
2024-08-25 07:45:59,ETHUSDT,ask,2850,5196.195
2024-08-25 07:46:14,ETHUSDT,ask,2850,5196.02
2024-08-25 07:47:04,ETHUSDT,ask,2850,5195.494
2024-08-25 07:48:29,ETHUSDT,ask,2840,3714.089
2024-08-25 07:50:04,ETHUSDT,ask,2840,3710.101
2024-08-25 07:55:15,ETHUSDT,ask,2840,3710.598
2024-08-25 07:56:50,ETHUSDT,ask,2850,5192.358
2024-08-25 07:58:19,ETHUSDT,ask,2850,5192.475
2024-08-25 07:59:23,ETHUSDT,ask,2850,5191.475
2024-08-25 07:59:57,ETHUSDT,ask,2850,5187.865
2024-08-25 08:00:53,ETHUSDT,ask,2840,3709.598
2024-08-25 08:01:25,ETHUSDT,ask,2840,3709.821
2024-08-25 08:01:54,ETHUSDT,ask,2850,5190.831
2024-08-25 08:03:18,ETHUSDT,ask,2850,5187.865
2024-08-25 08:04:14,ETHUSDT,ask,2840,3709.324
2024-08-25 08:04:30,ETHUSDT,bid,1960,5156.068
2024-08-25 08:04:58,ETHUSDT,ask,2850,5188.016
2024-08-25 08:07:12,ETHUSDT,ask,2850,5189.016
2024-08-25 08:08:05,ETHUSDT,ask,2850,5188.016
2024-08-25 08:11:39,ETHUSDT,ask,2850,5187.016
2024-08-25 08:13:42,ETHUSDT,ask,2850,5196.137
2024-08-25 08:13:46,ETHUSDT,ask,2850,5193.258
2024-08-25 08:14:16,ETHUSDT,ask,2850,5193.258
2024-08-25 08:16:06,ETHUSDT,ask,2840,3709.353
2024-08-25 08:17:46,ETHUSDT,ask,2850,5193.359
2024-08-25 08:19:22,ETHUSDT,ask,2850,5193.216
2024-08-25 08:20:34,ETHUSDT,ask,2840,3707.593
2024-08-25 08:22:41,ETHUSDT,ask,2850,5193.805
2024-08-25 08:23:23,ETHUSDT,ask,2850,5193.455
2024-08-25 08:23:51,ETHUSDT,ask,2850,5193.57
2024-08-25 08:24:06,ETHUSDT,ask,2840,3707.61
2024-08-25 08:25:04,ETHUSDT,ask,2850,5193.666
2024-08-25 08:25:21,ETHUSDT,ask,2850,5191.561
2024-08-25 08:26:02,ETHUSDT,ask,2850,5191.57
2024-08-25 08:27:34,ETHUSDT,ask,2850,5191.555
2024-08-25 08:29:53,ETHUSDT,ask,2840,3708.555
2024-08-25 08:30:47,ETHUSDT,ask,2840,3708.615
2024-08-25 08:31:11,ETHUSDT,ask,2840,3708.469
2024-08-25 08:31:11,ETHUSDT,ask,2850,5191.518
2024-08-25 08:32:59,ETHUSDT,ask,2840,3708.457
2024-08-25 08:32:59,ETHUSDT,ask,2850,5191.506
2024-08-25 08:32:59,ETHUSDT,ask,2990,3463.718
2024-08-25 08:33:19,ETHUSDT,ask,2840,3708.633
2024-08-25 08:37:16,ETHUSDT,ask,2840,3707.633
2024-08-25 08:37:37,ETHUSDT,ask,2850,5191.207
2024-08-25 08:37:58,ETHUSDT,ask,2840,3707.563
2024-08-25 08:42:05,ETHUSDT,ask,2840,3708.328
2024-08-25 08:42:18,ETHUSDT,ask,2840,3743.497
2024-08-25 08:42:28,ETHUSDT,ask,2850,5191.38
2024-08-25 08:43:13,ETHUSDT,ask,2850,5191.317
2024-08-25 08:44:56,ETHUSDT,ask,2850,5191.277
2024-08-25 08:45:33,ETHUSDT,bid,2140,4698.087
2024-08-25 08:47:08,ETHUSDT,ask,2850,5191.104
2024-08-25 08:47:47,ETHUSDT,ask,2850,5191.114
2024-08-25 08:47:59,ETHUSDT,ask,2850,5190.413
2024-08-25 08:47:59,ETHUSDT,ask,2850,5190.403
2024-08-25 08:48:25,ETHUSDT,ask,2850,5190.753
2024-08-25 08:48:32,ETHUSDT,ask,2840,3707.24
2024-08-25 08:48:46,ETHUSDT,ask,2850,5190.763
2024-08-25 08:48:56,ETHUSDT,ask,2850,5194.481
2024-08-25 08:49:14,ETHUSDT,ask,2850,5190.753
2024-08-25 08:50:56,ETHUSDT,ask,2850,5190.421
2024-08-25 08:53:27,ETHUSDT,ask,2850,5188.409
2024-08-25 08:53:48,ETHUSDT,ask,2850,5189.11
2024-08-25 08:54:12,ETHUSDT,ask,2840,3718.24
2024-08-25 08:54:27,ETHUSDT,ask,2850,5188.61
2024-08-25 08:54:40,ETHUSDT,ask,2850,5188.564
2024-08-25 08:55:33,ETHUSDT,ask,2850,5189.564
2024-08-25 08:56:28,ETHUSDT,ask,2850,5189.577
2024-08-25 08:58:36,ETHUSDT,ask,2850,5250.042
2024-08-25 09:01:01,ETHUSDT,ask,2840,3707.24
2024-08-25 09:03:46,ETHUSDT,ask,2840,3707.255
2024-08-25 09:03:46,ETHUSDT,ask,2990,3463.732
2024-08-25 09:04:17,ETHUSDT,ask,2840,3706.473
2024-08-25 09:05:22,ETHUSDT,ask,2840,3706.488
2024-08-25 09:05:22,ETHUSDT,ask,2850,5250.057
2024-08-25 09:05:22,ETHUSDT,ask,2990,3463.746
2024-08-25 09:06:49,ETHUSDT,ask,2850,5247.149
2024-08-25 09:07:15,ETHUSDT,ask,2850,5247.036
2024-08-25 09:07:58,ETHUSDT,ask,2840,3706.265
2024-08-25 09:08:45,ETHUSDT,ask,2850,5247.259
2024-08-25 09:10:27,ETHUSDT,ask,2850,5235.317
2024-08-25 09:11:36,ETHUSDT,ask,2850,5234.313
2024-08-25 09:13:18,ETHUSDT,ask,2850,5225.192
2024-08-25 09:16:15,ETHUSDT,ask,2840,3706.765
2024-08-25 09:25:16,ETHUSDT,ask,2850,5226.192
2024-08-25 09:25:54,ETHUSDT,ask,2850,5226.212
2024-08-25 09:25:57,ETHUSDT,ask,2850,5225.838
2024-08-25 09:26:45,ETHUSDT,ask,2840,3706.941
2024-08-25 09:27:00,ETHUSDT,ask,2850,5226.013
2024-08-25 09:27:25,ETHUSDT,ask,2840,3706.948
2024-08-25 09:27:37,ETHUSDT,ask,2850,5225.013
2024-08-25 09:31:16,ETHUSDT,bid,2350,4298.598
2024-08-25 09:32:36,ETHUSDT,bid,2360,4274.561
2024-08-25 09:35:15,ETHUSDT,ask,2850,5224.661
2024-08-25 09:43:06,ETHUSDT,ask,2850,5224.744
2024-08-25 09:44:31,ETHUSDT,bid,2140,4698.11
2024-08-25 09:46:47,ETHUSDT,ask,3090,3230.752
2024-08-25 09:47:21,ETHUSDT,ask,2840,3718.67
2024-08-25 09:47:27,ETHUSDT,ask,2840,3730.392
2024-08-25 09:48:02,ETHUSDT,ask,2840,3729.892
2024-08-25 09:49:26,ETHUSDT,ask,2840,3730.251
2024-08-25 09:50:06,ETHUSDT,ask,2840,3728.837
2024-08-25 09:51:59,ETHUSDT,ask,2850,5164.744
2024-08-25 09:52:14,ETHUSDT,ask,2850,5224.744
2024-08-25 09:52:44,ETHUSDT,ask,2840,3728.867
2024-08-25 09:55:15,ETHUSDT,ask,2850,5226.744
2024-08-25 09:56:41,ETHUSDT,ask,2840,3728.906
2024-08-25 09:56:48,ETHUSDT,ask,2840,3728.916
2024-08-25 09:56:48,ETHUSDT,ask,2850,5226.754
2024-08-25 09:57:14,ETHUSDT,ask,2850,5226.741
2024-08-25 09:57:33,ETHUSDT,ask,2840,3728.925
2024-08-25 09:57:33,ETHUSDT,ask,2850,5226.75
2024-08-25 09:57:33,ETHUSDT,ask,2990,3463.755
2024-08-25 09:58:12,ETHUSDT,ask,2850,5226.65
2024-08-25 09:59:46,ETHUSDT,ask,2840,3728.886
2024-08-25 10:00:25,ETHUSDT,ask,2850,5224.65
2024-08-25 10:06:08,ETHUSDT,ask,2840,3728.695
2024-08-25 10:10:55,ETHUSDT,ask,2840,3716.973
2024-08-25 10:10:55,ETHUSDT,ask,2840,3705.251
2024-08-25 10:14:11,ETHUSDT,ask,2850,5224.642
2024-08-25 10:14:20,ETHUSDT,ask,2840,3705.146
2024-08-25 10:15:16,ETHUSDT,ask,2850,5223.445
2024-08-25 10:16:23,ETHUSDT,ask,2850,5223.423
2024-08-25 10:16:50,ETHUSDT,ask,2850,5223.773
2024-08-25 10:17:37,ETHUSDT,ask,2840,3705.195
2024-08-25 10:17:37,ETHUSDT,ask,2850,5223.822
2024-08-25 10:18:03,ETHUSDT,ask,2840,3700.239
2024-08-25 10:20:38,ETHUSDT,ask,2850,5223.707
2024-08-25 10:21:09,ETHUSDT,ask,2850,5223.905
2024-08-25 10:22:31,ETHUSDT,bid,1700,6000.477
2024-08-25 10:23:19,ETHUSDT,bid,2250,4464.884
2024-08-25 10:34:11,ETHUSDT,bid,1700,6000.301
2024-08-25 10:35:30,ETHUSDT,bid,1700,6000.287
2024-08-25 10:36:07,ETHUSDT,ask,2850,5220.569
2024-08-25 10:36:32,ETHUSDT,ask,2840,3698.239
2024-08-25 10:37:27,ETHUSDT,ask,2850,5219.923
2024-08-25 10:40:50,ETHUSDT,ask,2850,5190.059
2024-08-25 10:42:40,ETHUSDT,ask,2850,5189.989
2024-08-25 10:43:43,ETHUSDT,ask,2850,5189.463
2024-08-25 10:45:24,ETHUSDT,bid,2340,4274.042
2024-08-25 10:46:42,ETHUSDT,ask,2850,5189.134
2024-08-25 10:48:54,ETHUSDT,ask,2850,5190.888
2024-08-25 10:51:57,ETHUSDT,ask,2840,3698.063
2024-08-25 10:52:22,ETHUSDT,ask,2850,5130.888
2024-08-25 10:53:22,ETHUSDT,ask,2990,3463.776
2024-08-25 10:53:22,ETHUSDT,ask,2840,3698.084
2024-08-25 10:53:22,ETHUSDT,ask,2850,5130.909
2024-08-25 10:54:24,ETHUSDT,ask,2840,3704.343
2024-08-25 10:57:13,ETHUSDT,ask,2850,5131.43
2024-08-25 10:57:35,ETHUSDT,bid,2200,4567.928
2024-08-25 10:59:40,ETHUSDT,ask,2850,5131.305
2024-08-25 11:08:31,ETHUSDT,ask,2850,5130.99
2024-08-25 11:11:10,ETHUSDT,ask,2990,3467.265
2024-08-25 11:11:21,ETHUSDT,ask,2850,5131.0
2024-08-25 11:11:31,ETHUSDT,ask,2850,5133.908
2024-08-25 11:13:26,ETHUSDT,ask,2850,5132.714
2024-08-25 11:14:56,ETHUSDT,ask,2840,3704.143
2024-08-25 11:15:36,ETHUSDT,ask,2850,5132.693
2024-08-25 11:16:14,ETHUSDT,bid,2350,4297.598
2024-08-25 11:16:36,ETHUSDT,ask,2840,3704.194
2024-08-25 11:16:36,ETHUSDT,ask,2850,5132.744
2024-08-25 11:20:04,ETHUSDT,ask,2850,5126.716
2024-08-25 11:20:27,ETHUSDT,ask,2840,3699.617
2024-08-25 11:23:08,ETHUSDT,ask,2850,5127.676
2024-08-25 11:23:33,ETHUSDT,ask,2840,3699.741
2024-08-25 11:28:05,ETHUSDT,ask,2850,5127.587
2024-08-25 11:31:30,ETHUSDT,ask,2850,5127.937
2024-08-25 11:34:13,ETHUSDT,ask,2850,5128.109
2024-08-25 11:34:14,ETHUSDT,ask,2850,5128.767
2024-08-25 11:34:36,ETHUSDT,ask,2850,5128.943
2024-08-25 11:35:24,ETHUSDT,ask,2850,5218.943
2024-08-25 11:37:02,ETHUSDT,ask,2850,5218.932
2024-08-25 11:39:18,ETHUSDT,ask,2850,5218.76
2024-08-25 11:43:30,ETHUSDT,ask,2840,3704.741
2024-08-25 11:45:34,ETHUSDT,ask,2850,5218.094
2024-08-25 11:48:46,ETHUSDT,ask,2850,5218.207
2024-08-25 11:49:00,ETHUSDT,ask,2850,5218.239
2024-08-25 11:49:11,ETHUSDT,ask,2850,5218.207
2024-08-25 11:49:24,ETHUSDT,ask,2850,5218.345
2024-08-25 11:52:01,ETHUSDT,ask,2850,5219.748
2024-08-25 11:52:36,ETHUSDT,ask,2850,5219.788
2024-08-25 11:52:56,ETHUSDT,ask,2850,5219.818
2024-08-25 11:54:05,ETHUSDT,ask,2850,5219.788
2024-08-25 11:58:03,ETHUSDT,ask,2850,5226.805
2024-08-25 11:58:16,ETHUSDT,ask,2840,3677.521
2024-08-25 11:59:11,ETHUSDT,ask,2840,3677.486
2024-08-25 11:59:11,ETHUSDT,ask,2850,5226.7
2024-08-25 11:59:47,ETHUSDT,ask,2850,5226.826
2024-08-25 12:01:33,ETHUSDT,ask,2850,5226.628
2024-08-25 12:01:38,ETHUSDT,ask,2850,5226.978
2024-08-25 12:02:18,ETHUSDT,ask,2850,5223.293
2024-08-25 12:04:41,ETHUSDT,ask,2850,5223.193
2024-08-25 12:04:56,ETHUSDT,ask,2850,5222.492
2024-08-25 12:06:27,ETHUSDT,ask,2850,5225.492
2024-08-25 12:07:55,ETHUSDT,ask,2850,5225.482
2024-08-25 12:09:20,ETHUSDT,ask,2990,3468.404
2024-08-25 12:11:27,ETHUSDT,ask,2850,5225.803
2024-08-25 12:12:15,ETHUSDT,ask,2850,5226.153
2024-08-25 12:12:21,ETHUSDT,ask,2850,5225.803
2024-08-25 12:12:36,ETHUSDT,ask,2850,5226.153
2024-08-25 12:14:32,ETHUSDT,ask,2840,3678.272
2024-08-25 12:14:43,ETHUSDT,ask,2850,5226.3
2024-08-25 12:15:17,ETHUSDT,ask,2840,3678.257
2024-08-25 12:15:17,ETHUSDT,ask,2990,3468.39
2024-08-25 12:16:10,ETHUSDT,bid,2250,4461.314
2024-08-25 12:16:21,ETHUSDT,ask,2850,5226.313
2024-08-25 12:17:21,ETHUSDT,ask,2850,5226.3
2024-08-25 12:17:57,ETHUSDT,ask,2850,5226.308
2024-08-25 12:18:00,ETHUSDT,ask,2850,5226.34
2024-08-25 12:18:08,ETHUSDT,ask,2850,5227.07
2024-08-25 12:18:10,ETHUSDT,ask,2850,5227.054
2024-08-25 12:18:11,ETHUSDT,ask,2850,5227.038
2024-08-25 12:18:32,ETHUSDT,ask,2850,5227.538
2024-08-25 12:18:57,ETHUSDT,ask,2850,5227.625
2024-08-25 12:19:36,ETHUSDT,ask,2850,5227.637
2024-08-25 12:20:41,ETHUSDT,ask,2850,5227.62
2024-08-25 12:21:34,ETHUSDT,ask,2850,5227.12
2024-08-25 12:22:19,ETHUSDT,ask,2850,5227.2
2024-08-25 12:22:25,ETHUSDT,ask,2850,5227.28
2024-08-25 12:22:31,ETHUSDT,ask,2850,5227.2
2024-08-25 12:22:37,ETHUSDT,ask,2850,5227.12
2024-08-25 12:23:01,ETHUSDT,ask,2850,5227.2
2024-08-25 12:23:07,ETHUSDT,ask,2850,5227.28
2024-08-25 12:23:13,ETHUSDT,ask,2850,5227.2
2024-08-25 12:23:19,ETHUSDT,ask,2850,5227.176
2024-08-25 12:23:19,ETHUSDT,ask,2850,5227.12
2024-08-25 12:24:09,ETHUSDT,ask,2850,5226.92
2024-08-25 12:25:18,ETHUSDT,ask,2990,3464.901
2024-08-25 12:27:19,ETHUSDT,ask,2850,5226.952
2024-08-25 12:27:30,ETHUSDT,ask,2850,5226.92
2024-08-25 12:30:10,ETHUSDT,ask,2850,5226.19
2024-08-25 12:32:53,ETHUSDT,ask,2850,5225.987
2024-08-25 12:33:27,ETHUSDT,ask,2840,3678.92
2024-08-25 12:33:46,ETHUSDT,ask,2850,5226.117
2024-08-25 12:34:02,ETHUSDT,ask,2840,3678.257
2024-08-25 12:34:10,ETHUSDT,ask,2850,5226.778
2024-08-25 12:35:06,ETHUSDT,ask,2850,5226.117
2024-08-25 12:36:50,ETHUSDT,ask,2850,5226.133
2024-08-25 12:36:51,ETHUSDT,ask,2850,5226.149
2024-08-25 12:37:01,ETHUSDT,ask,2850,5226.117
2024-08-25 12:37:20,ETHUSDT,ask,2840,3678.086
2024-08-25 12:37:20,ETHUSDT,ask,2850,5225.946
2024-08-25 12:37:20,ETHUSDT,ask,2990,3464.73
2024-08-25 12:39:23,ETHUSDT,ask,2850,5225.938
2024-08-25 12:40:11,ETHUSDT,bid,2140,4698.098
2024-08-25 12:40:11,ETHUSDT,ask,2990,3464.718
2024-08-25 12:41:53,ETHUSDT,ask,2850,5221.812
2024-08-25 12:44:35,ETHUSDT,ask,2850,5221.777
2024-08-25 12:46:34,ETHUSDT,ask,2850,5222.043
2024-08-25 12:47:57,ETHUSDT,ask,2840,3678.056
2024-08-25 12:48:09,ETHUSDT,ask,2850,5222.569
2024-08-25 12:51:37,ETHUSDT,bid,1960,5156.057
2024-08-25 12:51:37,ETHUSDT,bid,2140,4698.087
2024-08-25 12:53:25,ETHUSDT,ask,2850,5222.577
2024-08-25 12:59:51,ETHUSDT,ask,2840,3678.069
2024-08-25 13:01:15,ETHUSDT,ask,2850,5223.345
2024-08-25 13:02:56,ETHUSDT,ask,2990,3460.981
2024-08-25 13:04:43,ETHUSDT,ask,2850,5222.345
2024-08-25 13:05:03,ETHUSDT,bid,2290,4364.693
2024-08-25 13:06:28,ETHUSDT,ask,2840,3678.119
2024-08-25 13:07:04,ETHUSDT,ask,2850,5132.345
2024-08-25 13:10:01,ETHUSDT,bid,2290,4364.068
2024-08-25 13:10:42,ETHUSDT,ask,2840,3712.978
2024-08-25 13:12:43,ETHUSDT,ask,2850,5132.437
2024-08-25 13:14:31,ETHUSDT,ask,2850,5132.177
2024-08-25 13:15:28,ETHUSDT,ask,2850,5132.15
2024-08-25 13:15:28,ETHUSDT,ask,2990,3460.955
2024-08-25 13:15:42,ETHUSDT,ask,2840,3678.119
2024-08-25 13:19:37,ETHUSDT,ask,2850,5132.166
2024-08-25 13:21:29,ETHUSDT,ask,2990,3460.985
2024-08-25 13:21:30,ETHUSDT,ask,2840,3678.151
2024-08-25 13:21:30,ETHUSDT,ask,2850,5132.198
2024-08-25 13:22:20,ETHUSDT,ask,2850,5125.181
2024-08-25 13:22:43,ETHUSDT,ask,2850,5124.915
2024-08-25 13:32:09,ETHUSDT,ask,2840,3678.027
2024-08-25 13:33:37,ETHUSDT,ask,2850,5124.565
2024-08-25 13:42:43,ETHUSDT,ask,2850,5123.565
2024-08-25 13:43:57,ETHUSDT,ask,2850,5123.418
2024-08-25 13:44:25,ETHUSDT,ask,2990,3460.885
2024-08-25 13:45:45,ETHUSDT,bid,1700,5999.787
2024-08-25 13:47:37,ETHUSDT,ask,2850,5123.068
2024-08-25 13:50:20,ETHUSDT,ask,2850,5123.418
2024-08-25 13:50:30,ETHUSDT,ask,2850,5123.51
2024-08-25 13:53:17,ETHUSDT,ask,2850,5123.418
2024-08-25 13:55:51,ETHUSDT,ask,2850,5123.813
2024-08-25 13:56:02,ETHUSDT,ask,2850,5123.687
2024-08-25 13:57:35,ETHUSDT,ask,2850,5123.292
2024-08-25 13:58:13,ETHUSDT,ask,2850,5124.618
2024-08-25 13:59:05,ETHUSDT,ask,2850,5123.292
2024-08-25 13:59:27,ETHUSDT,ask,2850,5123.689
2024-08-25 14:02:47,ETHUSDT,ask,2850,5124.356
2024-08-25 14:03:40,ETHUSDT,ask,2850,5119.356
2024-08-25 14:07:15,ETHUSDT,ask,2850,5119.856
2024-08-25 14:08:11,ETHUSDT,ask,2990,3460.638
2024-08-25 14:10:34,ETHUSDT,ask,2850,5119.606
2024-08-25 14:11:18,ETHUSDT,ask,2850,5117.867
2024-08-25 14:17:17,ETHUSDT,ask,2840,3678.037
2024-08-25 14:17:18,ETHUSDT,ask,2840,3678.027
2024-08-25 14:17:22,ETHUSDT,ask,2850,5117.746
2024-08-25 14:17:23,ETHUSDT,bid,2200,4573.372
2024-08-25 14:17:25,ETHUSDT,ask,2850,4117.746
2024-08-25 14:17:45,ETHUSDT,ask,2850,4120.299
2024-08-25 14:19:10,ETHUSDT,ask,2850,4116.411
2024-08-25 14:22:05,ETHUSDT,ask,2850,4117.079
2024-08-25 14:22:37,ETHUSDT,bid,2200,4567.928
2024-08-25 14:25:04,ETHUSDT,bid,2140,4698.102
2024-08-25 14:25:04,ETHUSDT,ask,2840,3678.042
2024-08-25 14:25:55,ETHUSDT,ask,2850,4116.956
2024-08-25 14:27:17,ETHUSDT,ask,2850,4116.866
2024-08-25 14:27:53,ETHUSDT,ask,2990,3458.303
2024-08-25 14:29:55,ETHUSDT,ask,2740,4877.58
2024-08-25 14:29:55,ETHUSDT,ask,2740,4772.488
2024-08-25 14:29:55,ETHUSDT,ask,2740,4756.465
2024-08-25 14:29:55,ETHUSDT,ask,2740,4751.516
2024-08-25 14:29:55,ETHUSDT,ask,2740,4750.421
2024-08-25 14:29:55,ETHUSDT,ask,2740,4750.407
2024-08-25 14:29:56,ETHUSDT,ask,2740,4748.542
2024-08-25 14:30:10,ETHUSDT,ask,2850,4121.366
2024-08-25 14:30:15,ETHUSDT,ask,2850,4116.866
2024-08-25 14:30:26,ETHUSDT,bid,1700,5999.775
2024-08-25 14:31:28,ETHUSDT,ask,2840,3677.094
2024-08-25 14:33:35,ETHUSDT,ask,2840,3676.329
2024-08-25 14:34:26,ETHUSDT,ask,2840,3676.249
2024-08-25 14:37:57,ETHUSDT,ask,2990,3458.215
2024-08-25 14:38:28,ETHUSDT,ask,2850,4116.914
2024-08-25 14:40:22,ETHUSDT,ask,2850,4116.89
2024-08-25 14:41:12,ETHUSDT,bid,1700,5999.825
2024-08-25 14:43:07,ETHUSDT,ask,2840,3676.073
2024-08-25 14:48:43,ETHUSDT,ask,2850,4120.981
2024-08-25 14:49:36,ETHUSDT,ask,2850,4122.647
2024-08-25 14:51:44,ETHUSDT,ask,2850,4120.981
2024-08-25 14:52:02,ETHUSDT,ask,2850,4121.345
2024-08-25 14:52:27,ETHUSDT,ask,2840,3676.583
2024-08-25 14:52:29,ETHUSDT,ask,2840,3676.573
2024-08-25 14:52:30,ETHUSDT,ask,2840,3676.583
2024-08-25 14:52:37,ETHUSDT,ask,2840,3676.583
2024-08-25 14:52:38,ETHUSDT,ask,2840,3676.573
2024-08-25 14:52:42,ETHUSDT,ask,2840,3676.583
2024-08-25 14:52:42,ETHUSDT,ask,2840,3676.573
2024-08-25 14:54:46,ETHUSDT,ask,2840,3676.505
2024-08-25 14:55:30,ETHUSDT,ask,2840,3676.479
2024-08-25 14:56:17,ETHUSDT,ask,2850,4121.328
2024-08-25 15:00:29,ETHUSDT,ask,2850,4121.338
2024-08-25 15:00:53,ETHUSDT,ask,2850,4121.257
2024-08-25 15:01:22,ETHUSDT,ask,2850,4121.222
2024-08-25 15:01:51,ETHUSDT,ask,2840,3672.479
2024-08-25 15:02:42,ETHUSDT,ask,2840,3672.489
2024-08-25 15:02:48,ETHUSDT,ask,2840,3672.489
2024-08-25 15:02:49,ETHUSDT,ask,2840,3672.479
2024-08-25 15:03:38,ETHUSDT,ask,2850,4122.625
2024-08-25 15:04:43,ETHUSDT,ask,2850,4122.398
2024-08-25 15:05:06,ETHUSDT,ask,2840,3670.803
2024-08-25 15:05:08,ETHUSDT,ask,2840,3670.793
2024-08-25 15:06:42,ETHUSDT,ask,2840,3670.768
2024-08-25 15:06:48,ETHUSDT,bid,2350,4297.386
2024-08-25 15:07:58,ETHUSDT,ask,2850,4112.398
2024-08-25 15:09:16,ETHUSDT,ask,2850,4112.898
2024-08-25 15:09:43,ETHUSDT,ask,2850,4109.403
2024-08-25 15:09:56,ETHUSDT,ask,2850,4109.623
2024-08-25 15:10:21,ETHUSDT,ask,2840,3670.781
2024-08-25 15:10:21,ETHUSDT,ask,2850,4109.636
2024-08-25 15:11:46,ETHUSDT,ask,2850,4111.636
2024-08-25 15:14:02,ETHUSDT,ask,2850,4111.416
2024-08-25 15:14:15,ETHUSDT,ask,2850,4091.416
2024-08-25 15:15:28,ETHUSDT,ask,2850,4090.916
2024-08-25 15:18:02,ETHUSDT,ask,2850,4087.916
2024-08-25 15:19:17,ETHUSDT,bid,2140,4698.073
2024-08-25 15:19:17,ETHUSDT,ask,2840,3670.759
2024-08-25 15:19:17,ETHUSDT,ask,2850,4087.894
2024-08-25 15:19:17,ETHUSDT,ask,2990,3458.194
2024-08-25 15:19:45,ETHUSDT,bid,2740,9407.399
2024-08-25 15:19:45,ETHUSDT,bid,2740,9406.613
2024-08-25 15:19:45,ETHUSDT,bid,2740,9406.409
2024-08-25 15:19:45,ETHUSDT,bid,2740,9407.101
2024-08-25 15:19:45,ETHUSDT,bid,2740,9412.24
2024-08-25 15:20:50,ETHUSDT,ask,2740,6446.321
2024-08-25 15:20:50,ETHUSDT,ask,2740,6414.678
2024-08-25 15:20:50,ETHUSDT,ask,2740,6413.573
2024-08-25 15:20:51,ETHUSDT,ask,2740,6413.573
2024-08-25 15:20:51,ETHUSDT,ask,2740,6415.025
2024-08-25 15:20:51,ETHUSDT,ask,2740,6415.01
2024-08-25 15:20:51,ETHUSDT,ask,2740,6424.197
2024-08-25 15:20:51,ETHUSDT,ask,2740,6435.588
2024-08-25 15:20:51,ETHUSDT,ask,2740,6435.568
2024-08-25 15:20:51,ETHUSDT,ask,2740,6424.292
2024-08-25 15:20:51,ETHUSDT,ask,2740,6423.907
2024-08-25 15:20:51,ETHUSDT,ask,2740,6423.937
2024-08-25 15:20:52,ETHUSDT,ask,2740,6431.333
2024-08-25 15:20:52,ETHUSDT,ask,2740,6442.379
2024-08-25 15:20:52,ETHUSDT,ask,2740,6442.451
2024-08-25 15:20:52,ETHUSDT,ask,2740,6442.598
2024-08-25 15:20:52,ETHUSDT,ask,2740,6431.322
2024-08-25 15:20:52,ETHUSDT,ask,2740,6431.384
2024-08-25 15:20:52,ETHUSDT,ask,2740,6429.938
2024-08-25 15:20:52,ETHUSDT,ask,2740,6430.07
2024-08-25 15:20:53,ETHUSDT,ask,2740,6363.588
2024-08-25 15:20:53,ETHUSDT,ask,2740,6356.436
2024-08-25 15:20:53,ETHUSDT,ask,2740,6355.531
2024-08-25 15:20:53,ETHUSDT,ask,2740,6356.341
2024-08-25 15:20:53,ETHUSDT,ask,2740,6356.949
2024-08-25 15:20:53,ETHUSDT,ask,2740,6364.261
2024-08-25 15:20:53,ETHUSDT,ask,2740,6179.388
2024-08-25 15:20:53,ETHUSDT,ask,2740,5816.969
2024-08-25 15:20:53,ETHUSDT,ask,2740,5831.547
2024-08-25 15:20:53,ETHUSDT,ask,2740,5831.139
2024-08-25 15:20:54,ETHUSDT,ask,2740,5836.779
2024-08-25 15:20:54,ETHUSDT,ask,2740,5836.63
2024-08-25 15:20:54,ETHUSDT,ask,2740,5836.728
2024-08-25 15:20:54,ETHUSDT,ask,2740,5836.725
2024-08-25 15:20:54,ETHUSDT,ask,2740,5836.733
2024-08-25 15:20:54,ETHUSDT,ask,2740,5836.767
2024-08-25 15:20:54,ETHUSDT,ask,2740,5836.888
2024-08-25 15:20:55,ETHUSDT,ask,2740,5836.79
2024-08-25 15:20:55,ETHUSDT,ask,2740,5822.204
2024-08-25 15:20:55,ETHUSDT,ask,2740,5836.865
2024-08-25 15:20:55,ETHUSDT,ask,2740,5836.455
2024-08-25 15:20:55,ETHUSDT,ask,2740,5836.467
2024-08-25 15:20:55,ETHUSDT,ask,2740,5836.716
2024-08-25 15:20:55,ETHUSDT,ask,2740,5821.971
2024-08-25 15:20:56,ETHUSDT,ask,2740,5836.24
2024-08-25 15:20:56,ETHUSDT,ask,2740,5836.198
2024-08-25 15:20:56,ETHUSDT,ask,2740,5837.413
2024-08-25 15:20:56,ETHUSDT,ask,2740,5812.391
2024-08-25 15:20:56,ETHUSDT,ask,2740,5804.384
2024-08-25 15:20:56,ETHUSDT,ask,2740,5804.552
2024-08-25 15:20:56,ETHUSDT,ask,2740,5789.646
2024-08-25 15:20:56,ETHUSDT,ask,2740,5804.253
2024-08-25 15:20:57,ETHUSDT,ask,2740,5805.158
2024-08-25 15:21:09,ETHUSDT,bid,2740,7689.971
2024-08-25 15:21:10,ETHUSDT,bid,2740,7680.951
2024-08-25 15:21:10,ETHUSDT,bid,2740,7678.951
2024-08-25 15:21:10,ETHUSDT,bid,2740,7678.787
2024-08-25 15:21:10,ETHUSDT,bid,2740,7678.064
2024-08-25 15:21:20,ETHUSDT,ask,2840,3671.759
2024-08-25 15:22:37,ETHUSDT,ask,2850,4088.194
2024-08-25 15:24:04,ETHUSDT,bid,2740,6114.452
2024-08-25 15:24:04,ETHUSDT,bid,2740,6110.22
2024-08-25 15:24:04,ETHUSDT,bid,2740,6109.123
2024-08-25 15:24:05,ETHUSDT,bid,2740,6109.105
2024-08-25 15:24:05,ETHUSDT,bid,2740,6129.203
2024-08-25 15:24:05,ETHUSDT,bid,2740,6134.385
2024-08-25 15:24:06,ETHUSDT,bid,2740,4358.331
2024-08-25 15:24:06,ETHUSDT,bid,2740,4358.441
2024-08-25 15:24:06,ETHUSDT,bid,2740,4358.449
2024-08-25 15:24:06,ETHUSDT,bid,2740,4358.446
2024-08-25 15:24:06,ETHUSDT,bid,2740,4358.446
2024-08-25 15:24:06,ETHUSDT,bid,2740,4358.506
2024-08-25 15:24:06,ETHUSDT,bid,2740,4358.468
2024-08-25 15:24:07,ETHUSDT,bid,2740,4358.508
2024-08-25 15:24:07,ETHUSDT,bid,2740,6127.221
2024-08-25 15:24:15,ETHUSDT,ask,2850,4088.181
2024-08-25 15:24:21,ETHUSDT,ask,2850,4088.173
2024-08-25 15:25:31,ETHUSDT,ask,2850,4087.424
2024-08-25 15:27:23,ETHUSDT,ask,2850,4087.434
2024-08-25 15:27:24,ETHUSDT,ask,2850,4087.424
2024-08-25 15:27:25,ETHUSDT,ask,2850,4087.434
2024-08-25 15:27:27,ETHUSDT,ask,2850,4087.424
2024-08-25 15:27:29,ETHUSDT,ask,2850,4087.424
2024-08-25 15:27:30,ETHUSDT,ask,2850,4087.434
2024-08-25 15:27:31,ETHUSDT,ask,2850,4087.424
2024-08-25 15:27:32,ETHUSDT,ask,2850,4087.434
2024-08-25 15:30:20,ETHUSDT,ask,2850,4097.424
2024-08-25 15:30:27,ETHUSDT,ask,2850,4087.424
2024-08-25 15:30:49,ETHUSDT,ask,2850,4087.174
2024-08-25 15:34:02,ETHUSDT,ask,2850,4087.184
2024-08-25 15:34:03,ETHUSDT,ask,2850,4087.174
2024-08-25 15:39:02,ETHUSDT,ask,2850,4087.184
2024-08-25 15:39:04,ETHUSDT,ask,2850,4087.174
2024-08-25 15:40:21,ETHUSDT,bid,2750,4676.983
2024-08-25 15:40:21,ETHUSDT,bid,2750,4674.924
2024-08-25 15:40:24,ETHUSDT,bid,2750,4070.256
2024-08-25 15:40:24,ETHUSDT,bid,2750,4069.817
2024-08-25 15:40:24,ETHUSDT,bid,2750,4069.544
2024-08-25 15:41:46,ETHUSDT,ask,3090,3229.139
2024-08-25 15:42:56,ETHUSDT,ask,2850,4087.182
2024-08-25 15:48:16,ETHUSDT,ask,2740,4580.7
2024-08-25 15:48:16,ETHUSDT,ask,2740,4580.458
2024-08-25 15:48:16,ETHUSDT,ask,2740,4580.365
2024-08-25 15:48:17,ETHUSDT,ask,2740,4580.357
2024-08-25 15:48:19,ETHUSDT,ask,2740,4580.365
2024-08-25 15:48:19,ETHUSDT,ask,2740,4578.52
2024-08-25 15:48:19,ETHUSDT,ask,2740,4578.52
2024-08-25 15:48:19,ETHUSDT,ask,2740,4578.63
2024-08-25 15:48:19,ETHUSDT,ask,2740,4578.449
2024-08-25 15:48:19,ETHUSDT,ask,2740,4576.606
2024-08-25 15:48:19,ETHUSDT,ask,2740,4576.389
2024-08-25 15:48:20,ETHUSDT,ask,2740,4576.276
2024-08-25 15:48:20,ETHUSDT,ask,2740,4576.799
2024-08-25 15:48:20,ETHUSDT,ask,2740,4576.786
2024-08-25 15:48:21,ETHUSDT,ask,2740,4576.059
2024-08-25 15:48:21,ETHUSDT,ask,2740,4576.786
2024-08-25 15:48:22,ETHUSDT,ask,2740,4576.772
2024-08-25 15:48:22,ETHUSDT,ask,2740,4576.751
2024-08-25 15:48:22,ETHUSDT,ask,2740,4576.729
2024-08-25 15:48:24,ETHUSDT,ask,2850,4087.182
2024-08-25 15:48:24,ETHUSDT,ask,2840,3671.759
2024-08-25 15:48:56,ETHUSDT,ask,2740,4647.554
2024-08-25 15:49:13,ETHUSDT,ask,2740,4647.554
2024-08-25 15:49:28,ETHUSDT,ask,2740,4648.277
2024-08-25 15:49:28,ETHUSDT,ask,2740,4651.842
2024-08-25 15:49:29,ETHUSDT,ask,2740,4652.164
2024-08-25 15:49:29,ETHUSDT,ask,2740,4647.569
2024-08-25 15:50:28,ETHUSDT,ask,2740,5417.878
2024-08-25 15:50:28,ETHUSDT,ask,2740,5415.955
2024-08-25 15:50:28,ETHUSDT,ask,2740,5415.825
2024-08-25 15:50:28,ETHUSDT,ask,2740,5419.315
2024-08-25 15:50:28,ETHUSDT,ask,2740,5419.292
2024-08-25 15:50:34,ETHUSDT,ask,2740,6106.644
2024-08-25 15:50:34,ETHUSDT,ask,2740,6112.357
2024-08-25 15:50:34,ETHUSDT,ask,2740,6112.424
2024-08-25 15:50:34,ETHUSDT,ask,2740,6112.492
2024-08-25 15:50:35,ETHUSDT,ask,2740,6112.587
2024-08-25 15:50:35,ETHUSDT,ask,2740,6115.218
2024-08-25 15:50:35,ETHUSDT,ask,2740,6124.798
2024-08-25 15:50:35,ETHUSDT,ask,2740,6124.814
2024-08-25 15:50:35,ETHUSDT,ask,2740,6126.677
2024-08-25 15:50:51,ETHUSDT,ask,2740,7148.466
2024-08-25 15:50:51,ETHUSDT,ask,2740,7147.25
2024-08-25 15:50:52,ETHUSDT,ask,2740,7147.2
2024-08-25 15:50:52,ETHUSDT,ask,2740,7147.221
2024-08-25 15:52:09,ETHUSDT,ask,2850,4086.582
2024-08-25 15:53:14,ETHUSDT,bid,2750,3921.025
2024-08-25 15:53:14,ETHUSDT,bid,2750,3920.947
2024-08-25 15:53:14,ETHUSDT,bid,2750,3920.72
2024-08-25 15:53:14,ETHUSDT,bid,2750,3920.068
2024-08-25 15:53:15,ETHUSDT,bid,2750,3898.463
2024-08-25 15:53:16,ETHUSDT,bid,2750,3899.329
2024-08-25 15:53:16,ETHUSDT,bid,2750,3899.347
2024-08-25 15:53:16,ETHUSDT,bid,2750,3900.352
2024-08-25 15:53:16,ETHUSDT,bid,2750,3900.62
2024-08-25 15:53:16,ETHUSDT,bid,2750,3899.631
2024-08-25 15:53:16,ETHUSDT,bid,2750,3899.737
2024-08-25 15:53:16,ETHUSDT,bid,2750,3899.312
2024-08-25 15:53:49,ETHUSDT,ask,2850,4086.605
2024-08-25 15:53:51,ETHUSDT,ask,2850,4086.595
2024-08-25 15:53:52,ETHUSDT,ask,2850,4086.605
2024-08-25 15:53:53,ETHUSDT,ask,2850,4086.595
2024-08-25 15:54:50,ETHUSDT,ask,2840,3671.759
2024-08-25 15:54:50,ETHUSDT,ask,2850,4086.582
2024-08-25 15:54:52,ETHUSDT,ask,2850,4086.574
2024-08-25 15:56:59,ETHUSDT,ask,2850,4086.574
2024-08-25 15:58:17,ETHUSDT,ask,2740,4213.249
2024-08-25 15:58:17,ETHUSDT,ask,2740,4213.471
2024-08-25 15:58:17,ETHUSDT,ask,2740,4213.494
2024-08-25 15:58:18,ETHUSDT,ask,2740,4215.065
2024-08-25 15:58:18,ETHUSDT,ask,2740,4214.803
2024-08-25 15:58:19,ETHUSDT,ask,2740,4214.63
2024-08-25 15:58:19,ETHUSDT,ask,2740,4298.682
2024-08-25 15:58:19,ETHUSDT,ask,2740,4214.892
2024-08-25 15:58:19,ETHUSDT,ask,2740,4271.504
2024-08-25 15:58:19,ETHUSDT,ask,2740,4243.869
2024-08-25 15:58:19,ETHUSDT,ask,2740,4214.022
2024-08-25 15:58:19,ETHUSDT,ask,2740,4213.998
2024-08-25 15:58:32,ETHUSDT,ask,2740,6114.699
2024-08-25 15:58:32,ETHUSDT,ask,2740,6112.988
2024-08-25 15:58:32,ETHUSDT,ask,2740,6112.933
2024-08-25 15:58:33,ETHUSDT,ask,2740,6112.88
2024-08-25 15:58:33,ETHUSDT,ask,2740,6112.819
2024-08-25 15:58:33,ETHUSDT,ask,2740,6105.542
2024-08-25 15:58:50,ETHUSDT,ask,2740,5496.153
2024-08-25 15:58:50,ETHUSDT,ask,2740,5439.222
2024-08-25 15:58:50,ETHUSDT,ask,2740,5439.033
2024-08-25 15:58:51,ETHUSDT,ask,2740,5438.977
2024-08-25 15:58:51,ETHUSDT,ask,2740,5450.053
2024-08-25 15:58:51,ETHUSDT,ask,2740,5438.977
2024-08-25 15:58:52,ETHUSDT,ask,2740,5437.097
2024-08-25 15:58:52,ETHUSDT,ask,2740,5435.278
2024-08-25 15:58:52,ETHUSDT,ask,2740,5435.278
2024-08-25 15:58:52,ETHUSDT,ask,2740,5437.097
2024-08-25 15:58:57,ETHUSDT,ask,2850,4086.584
2024-08-25 15:58:58,ETHUSDT,ask,2850,4086.574
2024-08-25 15:58:59,ETHUSDT,ask,2850,4086.584
2024-08-25 15:59:00,ETHUSDT,ask,2850,4086.574
2024-08-25 15:59:01,ETHUSDT,ask,2850,4086.584
2024-08-25 15:59:03,ETHUSDT,ask,2850,4086.574
2024-08-25 15:59:25,ETHUSDT,ask,2850,4086.584
2024-08-25 15:59:27,ETHUSDT,ask,2850,4086.574
2024-08-25 15:59:28,ETHUSDT,ask,2850,4086.584
2024-08-25 15:59:29,ETHUSDT,ask,2850,4086.574
2024-08-25 15:59:30,ETHUSDT,ask,2850,4086.584
2024-08-25 15:59:32,ETHUSDT,ask,2850,4086.574
2024-08-25 15:59:33,ETHUSDT,ask,2850,4086.584
2024-08-25 15:59:34,ETHUSDT,ask,2850,4086.574
2024-08-25 15:59:35,ETHUSDT,ask,2850,4086.584
2024-08-25 15:59:36,ETHUSDT,ask,2850,4086.574
2024-08-25 15:59:37,ETHUSDT,ask,2850,4086.584
2024-08-25 15:59:38,ETHUSDT,ask,2850,4086.574
2024-08-25 15:59:48,ETHUSDT,ask,2850,4087.614
2024-08-25 16:00:07,ETHUSDT,ask,2840,3671.774
2024-08-25 16:00:13,ETHUSDT,ask,2850,4087.826
2024-08-25 16:00:50,ETHUSDT,ask,2750,4074.151
2024-08-25 16:00:51,ETHUSDT,ask,2850,4086.786
2024-08-25 16:00:54,ETHUSDT,ask,2750,5746.339
2024-08-25 16:00:54,ETHUSDT,ask,2750,5714.807
2024-08-25 16:00:54,ETHUSDT,ask,2750,5707.907
2024-08-25 16:00:54,ETHUSDT,ask,2750,5707.884
2024-08-25 16:00:56,ETHUSDT,ask,2850,4086.773
2024-08-25 16:01:51,ETHUSDT,bid,2750,5489.151
2024-08-25 16:01:51,ETHUSDT,bid,2750,5483.349
2024-08-25 16:01:52,ETHUSDT,bid,2750,5482.948
2024-08-25 16:01:53,ETHUSDT,bid,2750,5482.884
2024-08-25 16:01:55,ETHUSDT,bid,2750,5479.992
2024-08-25 16:01:56,ETHUSDT,bid,2750,5479.992
2024-08-25 16:01:56,ETHUSDT,bid,2750,5485.16
2024-08-25 16:02:01,ETHUSDT,bid,2750,5480.313
2024-08-25 16:02:01,ETHUSDT,bid,2750,5479.813
2024-08-25 16:02:08,ETHUSDT,bid,2750,5748.618
2024-08-25 16:02:08,ETHUSDT,bid,2750,5759.666
2024-08-25 16:02:09,ETHUSDT,bid,2750,5759.962
2024-08-25 16:02:09,ETHUSDT,bid,2750,5759.828
2024-08-25 16:02:09,ETHUSDT,bid,2750,5756.24
2024-08-25 16:02:09,ETHUSDT,bid,2750,5756.207
2024-08-25 16:02:09,ETHUSDT,bid,2750,5754.474
2024-08-25 16:02:09,ETHUSDT,bid,2750,5754.627
2024-08-25 16:02:09,ETHUSDT,bid,2750,5754.597
2024-08-25 16:02:09,ETHUSDT,bid,2750,5751.934
2024-08-25 16:02:09,ETHUSDT,bid,2750,5751.658
2024-08-25 16:02:26,ETHUSDT,bid,2750,7301.848
2024-08-25 16:02:26,ETHUSDT,bid,2750,7301.826
2024-08-25 16:02:27,ETHUSDT,bid,2750,7301.664
2024-08-25 16:02:27,ETHUSDT,bid,2750,7284.673
2024-08-25 16:02:27,ETHUSDT,bid,2750,7282.846
2024-08-25 16:04:04,ETHUSDT,ask,2850,4086.825
2024-08-25 16:05:09,ETHUSDT,ask,2850,4086.835
2024-08-25 16:05:10,ETHUSDT,ask,2850,4086.825
2024-08-25 16:05:11,ETHUSDT,ask,2850,4086.835
2024-08-25 16:05:13,ETHUSDT,ask,2850,4086.825
2024-08-25 16:05:13,ETHUSDT,ask,2850,4086.835
2024-08-25 16:05:15,ETHUSDT,ask,2850,4086.825
2024-08-25 16:05:16,ETHUSDT,ask,2850,4086.835
2024-08-25 16:05:17,ETHUSDT,ask,2850,4086.825
2024-08-25 16:05:18,ETHUSDT,ask,2850,4086.835
2024-08-25 16:05:20,ETHUSDT,ask,2850,4086.825
2024-08-25 16:05:21,ETHUSDT,ask,2850,4086.835
2024-08-25 16:05:22,ETHUSDT,ask,2850,4086.825
2024-08-25 16:05:23,ETHUSDT,ask,2850,4086.835
2024-08-25 16:05:25,ETHUSDT,ask,2850,4086.825
2024-08-25 16:05:25,ETHUSDT,ask,2850,4086.835
2024-08-25 16:05:27,ETHUSDT,ask,2850,4086.825
2024-08-25 16:05:28,ETHUSDT,ask,2850,4086.835
2024-08-25 16:05:30,ETHUSDT,ask,2850,4086.825
2024-08-25 16:05:30,ETHUSDT,ask,2850,4086.835
2024-08-25 16:05:31,ETHUSDT,ask,2850,4086.825
2024-08-25 16:05:41,ETHUSDT,ask,2850,4086.835
2024-08-25 16:05:41,ETHUSDT,ask,2850,4086.825
2024-08-25 16:05:42,ETHUSDT,ask,2850,4086.835
2024-08-25 16:05:44,ETHUSDT,ask,2850,4086.825
2024-08-25 16:08:43,ETHUSDT,ask,2850,4087.825
2024-08-25 16:08:49,ETHUSDT,ask,2850,4094.842
2024-08-25 16:08:55,ETHUSDT,ask,2850,4093.842
2024-08-25 16:09:53,ETHUSDT,ask,2850,4093.833
2024-08-25 16:09:59,ETHUSDT,ask,2850,4093.387
2024-08-25 16:10:26,ETHUSDT,bid,1700,5999.742
2024-08-25 16:12:09,ETHUSDT,ask,2850,4092.51
2024-08-25 16:14:14,ETHUSDT,ask,2840,3671.876
2024-08-25 16:16:55,ETHUSDT,ask,2850,4097.01
2024-08-25 16:17:00,ETHUSDT,ask,2850,4092.51
2024-08-25 16:19:31,ETHUSDT,ask,2850,4092.298
2024-08-25 16:24:54,ETHUSDT,ask,2850,4090.798
2024-08-25 16:27:40,ETHUSDT,ask,2850,4092.903
2024-08-25 16:28:02,ETHUSDT,ask,2850,4093.505
2024-08-25 16:28:22,ETHUSDT,ask,2840,3672.58
2024-08-25 16:31:21,ETHUSDT,ask,2850,4092.838
2024-08-25 16:31:39,ETHUSDT,ask,2840,3672.08
2024-08-25 16:33:58,ETHUSDT,ask,2850,4099.202
2024-08-25 16:35:01,ETHUSDT,ask,2850,4099.212
2024-08-25 16:35:03,ETHUSDT,ask,2850,4099.202
2024-08-25 16:35:04,ETHUSDT,ask,2850,4099.212
2024-08-25 16:35:05,ETHUSDT,ask,2850,4099.202
2024-08-25 16:35:06,ETHUSDT,ask,2850,4099.212
2024-08-25 16:35:08,ETHUSDT,ask,2850,4099.202
2024-08-25 16:35:09,ETHUSDT,ask,2850,4099.212
2024-08-25 16:35:27,ETHUSDT,ask,2840,3672.102
2024-08-25 16:35:32,ETHUSDT,ask,2850,4099.223
2024-08-25 16:36:05,ETHUSDT,ask,2840,3671.046
2024-08-25 16:37:17,ETHUSDT,ask,2990,3464.213
2024-08-25 16:40:41,ETHUSDT,ask,2850,4099.233
2024-08-25 16:40:42,ETHUSDT,ask,2850,4099.223
2024-08-25 16:40:42,ETHUSDT,ask,2850,4099.233
2024-08-25 16:40:44,ETHUSDT,ask,2850,4099.223
2024-08-25 16:41:22,ETHUSDT,ask,2850,4099.233
2024-08-25 16:41:23,ETHUSDT,ask,2850,4099.223
2024-08-25 16:41:24,ETHUSDT,ask,2850,4099.233
2024-08-25 16:42:45,ETHUSDT,ask,2850,4098.9
2024-08-25 16:43:04,ETHUSDT,ask,2850,4095.743
2024-08-25 16:47:15,ETHUSDT,ask,2850,4097.092
2024-08-25 16:48:50,ETHUSDT,ask,2840,3670.342
2024-08-25 16:49:39,ETHUSDT,ask,2850,4097.05
2024-08-25 16:53:56,ETHUSDT,ask,2850,4096.55
2024-08-25 17:02:37,ETHUSDT,ask,2850,4096.45
2024-08-25 17:02:44,ETHUSDT,ask,2840,3669.99
2024-08-25 17:06:15,ETHUSDT,ask,2850,4089.433
2024-08-25 17:08:35,ETHUSDT,ask,2850,4089.486
2024-08-25 17:08:54,ETHUSDT,ask,2850,4089.506
2024-08-25 17:11:01,ETHUSDT,ask,2850,4089.836
2024-08-25 17:11:34,ETHUSDT,ask,2850,4089.506
2024-08-25 17:11:38,ETHUSDT,ask,2850,4090.006
2024-08-25 17:13:03,ETHUSDT,ask,2850,4089.996
2024-08-25 17:15:26,ETHUSDT,ask,2850,4089.496
2024-08-25 17:15:29,ETHUSDT,ask,2850,4101.667
2024-08-25 17:16:47,ETHUSDT,ask,2850,4102.158
2024-08-25 17:22:34,ETHUSDT,ask,2850,4101.158
2024-08-25 17:28:08,ETHUSDT,ask,2850,4101.058
2024-08-25 17:29:45,ETHUSDT,ask,2840,3664.99
2024-08-25 17:30:35,ETHUSDT,ask,2850,4101.506
2024-08-25 17:37:55,ETHUSDT,ask,2850,4101.466
2024-08-25 17:44:02,ETHUSDT,ask,2850,4102.253
2024-08-25 17:44:02,ETHUSDT,ask,2850,4102.243
2024-08-25 17:44:09,ETHUSDT,ask,2850,4102.047
2024-08-25 17:44:17,ETHUSDT,ask,2850,4102.057
2024-08-25 17:44:18,ETHUSDT,ask,2850,4102.047
2024-08-25 17:44:20,ETHUSDT,ask,2850,4102.047
2024-08-25 17:49:09,ETHUSDT,ask,2990,3464.955
2024-08-25 17:50:51,ETHUSDT,bid,2350,4302.386
2024-08-25 17:56:51,ETHUSDT,bid,1700,5999.692
2024-08-25 18:00:46,ETHUSDT,ask,2850,4102.063
2024-08-25 18:05:55,ETHUSDT,ask,2840,3665.328
2024-08-25 18:08:49,ETHUSDT,ask,3090,3229.124
2024-08-25 18:10:15,ETHUSDT,ask,2840,3665.311
2024-08-25 18:10:48,ETHUSDT,ask,2840,3665.296
2024-08-25 18:10:48,ETHUSDT,ask,2850,4102.048
2024-08-25 18:10:48,ETHUSDT,ask,2990,3464.941
2024-08-25 18:15:23,ETHUSDT,ask,2850,4102.076
2024-08-25 18:16:25,ETHUSDT,ask,2850,4102.084
2024-08-25 18:24:52,ETHUSDT,ask,2850,4102.434
2024-08-25 18:24:54,ETHUSDT,ask,2850,4102.514
2024-08-25 18:25:00,ETHUSDT,ask,2850,4102.423
2024-08-25 18:33:33,ETHUSDT,ask,2840,3665.275
2024-08-25 18:33:33,ETHUSDT,ask,2850,4102.402
2024-08-25 18:33:33,ETHUSDT,ask,2990,3464.92
2024-08-25 18:38:07,ETHUSDT,ask,2850,4103.938
2024-08-25 18:55:24,ETHUSDT,ask,2840,3662.503
2024-08-25 18:55:52,ETHUSDT,ask,2840,3662.517
2024-08-25 18:56:17,ETHUSDT,ask,2850,4103.956
2024-08-25 18:56:18,ETHUSDT,ask,2850,4103.946
2024-08-25 18:56:19,ETHUSDT,ask,2850,4103.956
2024-08-25 18:56:21,ETHUSDT,ask,2850,4103.946
2024-08-25 18:59:47,ETHUSDT,ask,2850,4104.991
2024-08-25 19:00:48,ETHUSDT,ask,2990,3471.92
2024-08-25 19:02:24,ETHUSDT,ask,2850,4105.001
2024-08-25 19:02:25,ETHUSDT,ask,2850,4104.991
2024-08-25 19:05:54,ETHUSDT,ask,2850,4103.991
2024-08-25 19:07:19,ETHUSDT,bid,2200,4567.928
2024-08-25 19:07:20,ETHUSDT,bid,2200,4567.928
2024-08-25 19:07:21,ETHUSDT,bid,2200,4568.018
2024-08-25 19:07:21,ETHUSDT,bid,2200,4567.928
2024-08-25 19:07:21,ETHUSDT,bid,2200,4568.018
2024-08-25 19:07:21,ETHUSDT,bid,2200,4567.928
2024-08-25 19:07:22,ETHUSDT,bid,2200,4568.018
2024-08-25 19:07:22,ETHUSDT,bid,2200,4567.928
2024-08-25 19:07:22,ETHUSDT,bid,2200,4567.928
2024-08-25 19:11:31,ETHUSDT,ask,2850,4104.067
2024-08-25 19:16:28,ETHUSDT,ask,2850,4104.138
2024-08-25 19:17:26,ETHUSDT,ask,2840,3662.674
2024-08-25 19:19:54,ETHUSDT,ask,2840,3661.897
2024-08-25 19:19:54,ETHUSDT,ask,2850,4103.361
2024-08-25 19:19:54,ETHUSDT,ask,2990,3471.143
2024-08-25 19:29:18,ETHUSDT,ask,2850,4101.87
2024-08-25 19:31:53,ETHUSDT,ask,2850,4201.87
2024-08-25 19:31:58,ETHUSDT,ask,2850,4201.88
2024-08-25 19:31:59,ETHUSDT,ask,2850,4201.87
2024-08-25 19:32:00,ETHUSDT,ask,2850,4201.88
2024-08-25 19:32:02,ETHUSDT,ask,2850,4201.87
2024-08-25 19:32:03,ETHUSDT,ask,2850,4201.88
2024-08-25 19:32:04,ETHUSDT,ask,2850,4201.87
2024-08-25 19:34:01,ETHUSDT,ask,2850,4200.467
2024-08-25 19:40:15,ETHUSDT,ask,2850,4200.499
2024-08-25 19:45:30,ETHUSDT,ask,2850,4199.731
2024-08-25 19:47:02,ETHUSDT,ask,2850,4199.468
2024-08-25 19:47:22,ETHUSDT,ask,2850,4199.418
2024-08-25 19:52:03,ETHUSDT,bid,2200,4567.928
2024-08-25 19:53:23,ETHUSDT,ask,2850,4216.219
2024-08-25 19:54:54,ETHUSDT,ask,2840,3661.854
2024-08-25 19:55:18,ETHUSDT,bid,2200,4567.928
2024-08-25 19:55:19,ETHUSDT,bid,2200,4568.018
2024-08-25 19:55:19,ETHUSDT,bid,2200,4567.928
2024-08-25 19:55:19,ETHUSDT,bid,2200,4567.928
2024-08-25 19:55:20,ETHUSDT,bid,2200,4567.928
2024-08-25 19:57:55,ETHUSDT,ask,2850,4217.079
2024-08-25 20:05:23,ETHUSDT,ask,2850,4217.295
2024-08-25 20:11:04,ETHUSDT,ask,2850,4213.204
2024-08-25 20:11:13,ETHUSDT,ask,2850,4213.213
2024-08-25 20:11:45,ETHUSDT,ask,2840,3661.977
2024-08-25 20:14:03,ETHUSDT,ask,2850,4213.204
2024-08-25 20:17:12,ETHUSDT,ask,2850,4213.216
2024-08-25 20:17:33,ETHUSDT,ask,2850,4213.199
2024-08-25 20:17:47,ETHUSDT,ask,2850,4213.699
2024-08-25 20:18:27,ETHUSDT,ask,2850,4267.199
2024-08-25 20:19:41,ETHUSDT,ask,2850,4213.699
2024-08-25 20:20:41,ETHUSDT,ask,2850,4212.839
2024-08-25 20:21:12,ETHUSDT,ask,2850,4217.272
2024-08-25 20:22:40,ETHUSDT,ask,2850,4217.26
2024-08-25 20:24:19,ETHUSDT,ask,2850,4217.287
2024-08-25 20:25:23,ETHUSDT,ask,2840,3662.009
2024-08-25 20:25:34,ETHUSDT,ask,2840,3661.977
2024-08-25 20:27:24,ETHUSDT,bid,1940,5154.209
2024-08-25 20:29:29,ETHUSDT,ask,2850,4216.605
2024-08-25 20:30:04,ETHUSDT,ask,2850,4217.013
2024-08-25 20:31:14,ETHUSDT,ask,2850,4216.997
2024-08-25 20:32:52,ETHUSDT,ask,2840,3711.177
2024-08-25 20:33:09,ETHUSDT,ask,2840,3711.107
2024-08-25 20:34:04,ETHUSDT,ask,2840,3711.115
2024-08-25 20:34:10,ETHUSDT,ask,2850,4217.022
2024-08-25 20:34:21,ETHUSDT,ask,2850,4217.035
2024-08-25 20:36:09,ETHUSDT,ask,2850,4217.216
2024-08-25 20:36:10,ETHUSDT,ask,2850,4219.847
2024-08-25 20:36:46,ETHUSDT,ask,2850,4219.83
2024-08-25 20:37:58,ETHUSDT,ask,2850,4217.83
2024-08-25 20:38:00,ETHUSDT,ask,2850,4218.83
2024-08-25 20:39:31,ETHUSDT,ask,2850,4215.83
2024-08-25 20:40:16,ETHUSDT,ask,2840,3713.755
2024-08-25 20:40:16,ETHUSDT,ask,2850,4213.199
2024-08-25 20:40:51,ETHUSDT,ask,2840,3713.598
2024-08-25 20:41:49,ETHUSDT,ask,2850,4213.264
2024-08-25 20:43:53,ETHUSDT,ask,2850,4222.035
2024-08-25 20:44:08,ETHUSDT,ask,2840,3713.63
2024-08-25 20:44:18,ETHUSDT,ask,2840,3713.614
2024-08-25 20:44:19,ETHUSDT,ask,2840,3713.598
2024-08-25 20:45:14,ETHUSDT,ask,2840,3713.736
2024-08-25 20:45:27,ETHUSDT,ask,2840,3713.736
2024-08-25 20:46:32,ETHUSDT,ask,2840,3711.096
2024-08-25 20:47:04,ETHUSDT,ask,2850,4221.509
2024-08-25 20:48:03,ETHUSDT,ask,2840,3661.896
2024-08-25 20:53:32,ETHUSDT,ask,2850,4221.522
2024-08-25 20:54:12,ETHUSDT,ask,2840,3661.94
2024-08-25 20:54:20,ETHUSDT,ask,2850,4221.562
2024-08-25 20:56:24,ETHUSDT,ask,2850,4225.74
2024-08-25 20:56:40,ETHUSDT,bid,2340,4273.911
2024-08-25 20:58:36,ETHUSDT,ask,2850,4229.248
2024-08-25 21:02:05,ETHUSDT,ask,2850,4229.089
2024-08-25 21:03:02,ETHUSDT,ask,2850,4247.154
2024-08-25 21:03:06,ETHUSDT,bid,2140,4697.873
2024-08-25 21:03:24,ETHUSDT,ask,2850,4248.186
2024-08-25 21:03:35,ETHUSDT,ask,2850,4248.154
2024-08-25 21:03:35,ETHUSDT,ask,2850,4251.154
2024-08-25 21:05:01,ETHUSDT,ask,2850,4251.141
2024-08-25 21:05:12,ETHUSDT,ask,2850,4250.539
2024-08-25 21:05:27,ETHUSDT,ask,2840,3662.155
2024-08-25 21:05:59,ETHUSDT,ask,2840,3662.141
2024-08-25 21:06:13,ETHUSDT,ask,2840,3662.106
2024-08-25 21:06:14,ETHUSDT,ask,2850,4250.358
2024-08-25 21:06:16,ETHUSDT,ask,2850,4253.978
2024-08-25 21:06:26,ETHUSDT,ask,2850,4253.884
2024-08-25 21:08:33,ETHUSDT,ask,2850,4253.897
2024-08-25 21:09:46,ETHUSDT,ask,2850,4271.897
2024-08-25 21:09:59,ETHUSDT,ask,2840,3662.137
2024-08-25 21:10:50,ETHUSDT,ask,2840,3672.137
2024-08-25 21:11:40,ETHUSDT,ask,2850,4287.897
2024-08-25 21:11:45,ETHUSDT,ask,2840,3672.841
2024-08-25 21:12:01,ETHUSDT,ask,2850,4288.598
2024-08-25 21:16:17,ETHUSDT,bid,2140,4697.863
2024-08-25 21:16:18,ETHUSDT,ask,2850,4288.724
2024-08-25 21:16:55,ETHUSDT,ask,2840,3662.831
2024-08-25 21:19:05,ETHUSDT,ask,2850,4288.737
2024-08-25 21:19:38,ETHUSDT,ask,2840,3663.081
2024-08-25 21:19:47,ETHUSDT,ask,2850,4288.729
2024-08-25 21:19:48,ETHUSDT,ask,2850,4288.979
2024-08-25 21:23:55,ETHUSDT,bid,2140,4697.848
2024-08-25 21:23:55,ETHUSDT,ask,2840,3663.066
2024-08-25 21:23:55,ETHUSDT,ask,2850,4288.964
2024-08-25 21:23:55,ETHUSDT,ask,2990,3471.132
2024-08-25 21:24:23,ETHUSDT,ask,2840,3665.066
2024-08-25 21:24:30,ETHUSDT,ask,2850,4288.933
2024-08-25 21:24:34,ETHUSDT,ask,2840,3667.002
2024-08-25 21:24:56,ETHUSDT,ask,2850,4287.529
2024-08-25 21:24:57,ETHUSDT,ask,2840,3665.087
2024-08-25 21:25:03,ETHUSDT,ask,2850,4286.436
2024-08-25 21:25:14,ETHUSDT,ask,2850,4286.936
2024-08-25 21:27:18,ETHUSDT,ask,2850,4286.836
2024-08-25 21:27:27,ETHUSDT,ask,2850,4282.403
2024-08-25 21:29:22,ETHUSDT,ask,2850,4273.632
2024-08-25 21:30:45,ETHUSDT,ask,2850,4276.632
2024-08-25 21:33:18,ETHUSDT,ask,2850,4276.094
2024-08-25 21:34:22,ETHUSDT,ask,2840,3665.097
2024-08-25 21:34:27,ETHUSDT,ask,2850,4276.104
2024-08-25 21:36:25,ETHUSDT,ask,2850,4275.854
2024-08-25 21:37:57,ETHUSDT,ask,2850,4275.841
2024-08-25 21:38:04,ETHUSDT,ask,2850,4275.786
2024-08-25 21:39:39,ETHUSDT,ask,2850,4276.036
2024-08-25 21:40:14,ETHUSDT,ask,2850,4276.389
2024-08-25 21:41:08,ETHUSDT,ask,2850,4276.476
2024-08-25 21:42:27,ETHUSDT,ask,2850,4275.976
2024-08-25 21:44:46,ETHUSDT,ask,2850,4275.84
2024-08-25 21:45:06,ETHUSDT,ask,2840,3665.108
2024-08-25 21:45:06,ETHUSDT,ask,2850,4275.851
2024-08-25 21:45:06,ETHUSDT,ask,2990,3471.143
2024-08-25 21:45:14,ETHUSDT,ask,2850,4270.673
2024-08-25 21:47:30,ETHUSDT,ask,2850,4264.277
2024-08-25 21:47:48,ETHUSDT,ask,2850,4265.277
2024-08-25 21:48:25,ETHUSDT,ask,2990,3478.036
2024-08-25 21:48:45,ETHUSDT,ask,2990,3471.113
2024-08-25 21:49:03,ETHUSDT,ask,2990,3471.08
2024-08-25 21:49:56,ETHUSDT,bid,2230,4493.512
2024-08-25 21:55:28,ETHUSDT,ask,2850,4265.207
2024-08-25 21:57:31,ETHUSDT,ask,2850,4265.457
2024-08-25 22:05:33,ETHUSDT,ask,2850,4265.449
2024-08-25 22:05:34,ETHUSDT,ask,2840,3665.068
2024-08-25 22:08:42,ETHUSDT,ask,2850,4265.089
2024-08-25 22:10:00,ETHUSDT,ask,2850,4266.543
2024-08-25 22:11:41,ETHUSDT,ask,2850,4269.543
2024-08-25 22:11:54,ETHUSDT,ask,2850,4267.543
2024-08-25 22:12:16,ETHUSDT,ask,2840,3664.858
2024-08-25 22:12:31,ETHUSDT,ask,2850,4270.876
2024-08-25 22:14:33,ETHUSDT,ask,2840,3664.971
2024-08-25 22:14:44,ETHUSDT,ask,2850,4324.376
2024-08-25 22:15:46,ETHUSDT,ask,2850,4324.551
2024-08-25 22:15:51,ETHUSDT,ask,2840,3664.924
2024-08-25 22:15:51,ETHUSDT,ask,2850,4324.504
2024-08-25 22:17:24,ETHUSDT,ask,2850,4324.329
2024-08-25 22:17:51,ETHUSDT,ask,2840,3665.434
2024-08-25 22:18:02,ETHUSDT,ask,2850,4325.329
2024-08-25 22:22:51,ETHUSDT,ask,2850,4325.429
2024-08-25 22:23:10,ETHUSDT,ask,2850,4325.329
2024-08-25 22:23:19,ETHUSDT,ask,2840,3666.3
2024-08-25 22:23:25,ETHUSDT,ask,2840,3669.821
2024-08-25 22:24:04,ETHUSDT,ask,2850,4324.684
2024-08-25 22:24:37,ETHUSDT,ask,2850,4328.192
2024-08-25 22:24:40,ETHUSDT,ask,2840,3666.3
2024-08-25 22:25:28,ETHUSDT,ask,2840,3666.585
2024-08-25 22:26:18,ETHUSDT,ask,2840,3665.719
2024-08-25 22:26:49,ETHUSDT,ask,2850,4329.524
2024-08-25 22:27:06,ETHUSDT,ask,2850,4328.192
2024-08-25 22:28:23,ETHUSDT,ask,2840,3668.435
2024-08-25 22:29:35,ETHUSDT,ask,2850,4328.262
2024-08-25 22:31:58,ETHUSDT,ask,2850,4329.262
2024-08-25 22:32:17,ETHUSDT,ask,2850,4329.27
2024-08-25 22:33:03,ETHUSDT,ask,2850,4329.563
2024-08-25 22:33:52,ETHUSDT,ask,2840,3668.322
2024-08-25 22:34:53,ETHUSDT,ask,2850,4330.563
2024-08-25 22:35:06,ETHUSDT,ask,2850,4330.65
2024-08-25 22:35:29,ETHUSDT,ask,2840,3668.3
2024-08-25 22:35:30,ETHUSDT,ask,2850,4330.629
2024-08-25 22:37:30,ETHUSDT,bid,1960,5141.057
2024-08-25 22:41:35,ETHUSDT,ask,2850,4332.195
2024-08-25 22:41:57,ETHUSDT,ask,2850,4332.197
2024-08-25 22:42:10,ETHUSDT,ask,2850,4332.267
2024-08-25 22:42:31,ETHUSDT,ask,2850,4335.356
2024-08-25 22:44:08,ETHUSDT,ask,2850,4333.79
2024-08-25 22:44:23,ETHUSDT,ask,2850,4336.254
2024-08-25 22:44:47,ETHUSDT,bid,1700,6001.162
2024-08-25 22:48:51,ETHUSDT,ask,2850,4335.253
2024-08-25 22:53:07,ETHUSDT,ask,2840,3668.285
2024-08-25 22:53:07,ETHUSDT,ask,2990,3471.066
2024-08-25 22:54:45,ETHUSDT,ask,2840,3668.637
2024-08-25 22:56:23,ETHUSDT,ask,2850,4335.17
2024-08-25 22:57:04,ETHUSDT,ask,2850,4335.52
2024-08-25 23:02:37,ETHUSDT,ask,2840,3668.653
2024-08-25 23:03:35,ETHUSDT,ask,2850,4323.349
2024-08-25 23:03:45,ETHUSDT,ask,2850,4329.312
2024-08-25 23:04:10,ETHUSDT,ask,2850,4331.312
2024-08-25 23:05:45,ETHUSDT,ask,2850,4335.676
2024-08-25 23:06:28,ETHUSDT,bid,1700,6001.287
2024-08-25 23:06:28,ETHUSDT,bid,1960,5141.182
2024-08-25 23:06:28,ETHUSDT,bid,2140,4697.973
2024-08-25 23:08:24,ETHUSDT,ask,2840,3668.723
2024-08-25 23:10:21,ETHUSDT,ask,2850,4282.134
2024-08-25 23:10:50,ETHUSDT,ask,2850,4284.412
2024-08-25 23:11:16,ETHUSDT,bid,2200,4567.939
2024-08-25 23:11:25,ETHUSDT,ask,2850,4280.904
2024-08-25 23:11:36,ETHUSDT,ask,2840,3669.017
2024-08-25 23:11:51,ETHUSDT,ask,2850,4281.615
2024-08-25 23:12:36,ETHUSDT,ask,2850,4281.831
2024-08-25 23:12:43,ETHUSDT,ask,2850,4281.92
2024-08-25 23:12:44,ETHUSDT,ask,2850,4285.428
2024-08-25 23:12:49,ETHUSDT,bid,2140,4697.951
2024-08-25 23:12:49,ETHUSDT,ask,2840,3669.0
2024-08-25 23:15:22,ETHUSDT,ask,2850,4285.548
2024-08-25 23:16:39,ETHUSDT,bid,2760,3830.615
2024-08-25 23:16:39,ETHUSDT,bid,2760,3830.253
2024-08-25 23:16:42,ETHUSDT,bid,2760,3836.172
2024-08-25 23:16:46,ETHUSDT,bid,2760,3809.183
2024-08-25 23:16:46,ETHUSDT,bid,2760,3811.017
2024-08-25 23:16:47,ETHUSDT,bid,2760,3826.078
2024-08-25 23:16:48,ETHUSDT,bid,2760,3824.244
2024-08-25 23:16:49,ETHUSDT,bid,2760,3809.183
2024-08-25 23:16:51,ETHUSDT,bid,2760,3809.726
2024-08-25 23:16:52,ETHUSDT,bid,2760,3810.276
2024-08-25 23:16:57,ETHUSDT,bid,2760,3810.386
2024-08-25 23:17:10,ETHUSDT,bid,2760,3810.414
2024-08-25 23:17:11,ETHUSDT,bid,2760,3812.248
2024-08-25 23:17:12,ETHUSDT,bid,2760,3820.928
2024-08-25 23:17:12,ETHUSDT,bid,2760,3819.094
2024-08-25 23:17:13,ETHUSDT,bid,2760,3819.114
2024-08-25 23:17:13,ETHUSDT,bid,2760,3819.114
2024-08-25 23:17:13,ETHUSDT,bid,2760,3819.114
2024-08-25 23:17:14,ETHUSDT,bid,2760,3819.114
2024-08-25 23:17:14,ETHUSDT,bid,2760,3819.114
2024-08-25 23:17:14,ETHUSDT,bid,2760,3819.114
2024-08-25 23:17:14,ETHUSDT,bid,2760,3819.114
2024-08-25 23:17:15,ETHUSDT,bid,2760,3819.094
2024-08-25 23:17:19,ETHUSDT,bid,2760,3818.984
2024-08-25 23:17:19,ETHUSDT,bid,2760,3824.406
2024-08-25 23:17:21,ETHUSDT,bid,2760,3823.007
2024-08-25 23:17:21,ETHUSDT,bid,2760,3839.075
2024-08-25 23:17:22,ETHUSDT,bid,2760,3837.267
2024-08-25 23:17:22,ETHUSDT,bid,2760,3832.821
2024-08-25 23:17:23,ETHUSDT,bid,2760,3807.821
2024-08-25 23:17:25,ETHUSDT,bid,2760,3809.421
2024-08-25 23:17:25,ETHUSDT,bid,2760,3820.484
2024-08-25 23:17:27,ETHUSDT,bid,2760,3823.789
2024-08-25 23:17:28,ETHUSDT,bid,2760,3824.189
2024-08-25 23:17:29,ETHUSDT,bid,2760,3823.789
2024-08-25 23:17:29,ETHUSDT,bid,2760,3823.803
2024-08-25 23:17:30,ETHUSDT,bid,2760,3808.197
2024-08-25 23:17:32,ETHUSDT,bid,2760,3811.271
2024-08-25 23:17:33,ETHUSDT,bid,2760,3807.835
2024-08-25 23:17:35,ETHUSDT,bid,2760,3807.825
2024-08-25 23:17:37,ETHUSDT,bid,2760,3807.17
2024-08-25 23:17:37,ETHUSDT,bid,2760,3806.52
2024-08-25 23:17:40,ETHUSDT,bid,2760,3794.655
2024-08-25 23:17:41,ETHUSDT,bid,2760,3794.663
2024-08-25 23:17:41,ETHUSDT,bid,2760,3795.13
2024-08-25 23:17:41,ETHUSDT,bid,2760,3779.342
2024-08-25 23:19:20,ETHUSDT,ask,2850,4284.548
2024-08-25 23:19:51,ETHUSDT,ask,2850,4283.847
2024-08-25 23:20:08,ETHUSDT,ask,2850,4285.745
2024-08-25 23:20:16,ETHUSDT,ask,2850,4288.745
2024-08-25 23:20:51,ETHUSDT,ask,2840,3674.64
2024-08-25 23:22:36,ETHUSDT,ask,2850,4287.745
2024-08-25 23:22:42,ETHUSDT,ask,2990,3471.051
2024-08-25 23:23:27,ETHUSDT,ask,2850,4301.256
2024-08-25 23:23:35,ETHUSDT,ask,2850,4301.453
2024-08-25 23:25:16,ETHUSDT,ask,2850,4288.942
2024-08-25 23:26:32,ETHUSDT,ask,2850,4297.032
2024-08-25 23:27:37,ETHUSDT,ask,2850,4296.945
2024-08-25 23:27:43,ETHUSDT,ask,2850,4295.945
2024-08-25 23:28:31,ETHUSDT,ask,2850,4296.86
2024-08-25 23:35:18,ETHUSDT,ask,2840,3674.13
2024-08-25 23:36:22,ETHUSDT,ask,2840,3674.258
2024-08-25 23:36:40,ETHUSDT,ask,2840,3674.13
2024-08-25 23:37:46,ETHUSDT,ask,2850,4264.86
2024-08-25 23:38:00,ETHUSDT,ask,2840,3642.13
2024-08-25 23:38:49,ETHUSDT,ask,2840,3663.13
2024-08-25 23:39:01,ETHUSDT,ask,2850,4287.86
2024-08-25 23:40:33,ETHUSDT,ask,2850,4284.86
2024-08-25 23:41:08,ETHUSDT,ask,2850,4284.817
2024-08-25 23:42:50,ETHUSDT,ask,2840,3662.039
2024-08-25 23:44:19,ETHUSDT,ask,2850,4284.931
2024-08-25 23:47:00,ETHUSDT,ask,2850,4280.567
2024-08-25 23:48:49,ETHUSDT,ask,2850,4280.559
2024-08-25 23:49:12,ETHUSDT,ask,2850,4280.47
2024-08-25 23:51:58,ETHUSDT,ask,2840,3663.237
2024-08-25 23:52:06,ETHUSDT,ask,2850,4280.486
2024-08-25 23:56:08,ETHUSDT,ask,2850,4280.473
2024-08-25 23:58:43,ETHUSDT,ask,2850,4288.473
2024-08-26 00:00:24,ETHUSDT,ask,2850,4288.457
2024-08-26 00:01:45,ETHUSDT,ask,2840,3671.98
2024-08-26 00:03:18,ETHUSDT,ask,2850,4288.449
2024-08-26 00:08:02,ETHUSDT,ask,2850,4288.441
2024-08-26 00:12:17,ETHUSDT,ask,2990,3464.051
2024-08-26 00:12:46,ETHUSDT,ask,2990,3464.06
2024-08-26 00:13:43,ETHUSDT,ask,2850,4288.872
2024-08-26 00:13:49,ETHUSDT,ask,2850,4288.785
2024-08-26 00:13:57,ETHUSDT,ask,2850,4289.669
2024-08-26 00:18:48,ETHUSDT,ask,2850,4294.669
2024-08-26 00:20:17,ETHUSDT,ask,2850,4294.685
2024-08-26 00:20:18,ETHUSDT,ask,2850,4294.701
2024-08-26 00:20:28,ETHUSDT,ask,2850,4294.669
2024-08-26 00:22:14,ETHUSDT,ask,2850,4297.706
2024-08-26 00:23:50,ETHUSDT,ask,2850,4296.995
2024-08-26 00:23:52,ETHUSDT,ask,2850,4297.055
2024-08-26 00:24:12,ETHUSDT,ask,2850,4297.197
2024-08-26 00:24:50,ETHUSDT,ask,2850,4297.275
2024-08-26 00:24:51,ETHUSDT,ask,2850,4297.133
2024-08-26 00:25:39,ETHUSDT,ask,2850,4297.055
2024-08-26 00:27:46,ETHUSDT,ask,2840,3672.073
2024-08-26 00:27:46,ETHUSDT,ask,2850,4297.147
